--
-- PostgreSQL database dump
--

-- Dumped from database version 14.2
-- Dumped by pg_dump version 14.2

SET statement_timeout = 0;
SET lock_timeout = 0;
SET idle_in_transaction_session_timeout = 0;
SET client_encoding = 'UTF8';
SET standard_conforming_strings = on;
SELECT pg_catalog.set_config('search_path', '', false);
SET check_function_bodies = false;
SET xmloption = content;
SET client_min_messages = warning;
SET row_security = off;

--
-- Name: tiger; Type: SCHEMA; Schema: -; Owner: postgres
--

CREATE SCHEMA tiger;


ALTER SCHEMA tiger OWNER TO postgres;

--
-- Name: tiger_data; Type: SCHEMA; Schema: -; Owner: postgres
--

CREATE SCHEMA tiger_data;


ALTER SCHEMA tiger_data OWNER TO postgres;

--
-- Name: topology; Type: SCHEMA; Schema: -; Owner: postgres
--

CREATE SCHEMA topology;


ALTER SCHEMA topology OWNER TO postgres;

--
-- Name: SCHEMA topology; Type: COMMENT; Schema: -; Owner: postgres
--

COMMENT ON SCHEMA topology IS 'PostGIS Topology schema';


--
-- Name: address_standardizer; Type: EXTENSION; Schema: -; Owner: -
--

CREATE EXTENSION IF NOT EXISTS address_standardizer WITH SCHEMA public;


--
-- Name: EXTENSION address_standardizer; Type: COMMENT; Schema: -; Owner: 
--

COMMENT ON EXTENSION address_standardizer IS 'Used to parse an address into constituent elements. Generally used to support geocoding address normalization step.';


--
-- Name: fuzzystrmatch; Type: EXTENSION; Schema: -; Owner: -
--

CREATE EXTENSION IF NOT EXISTS fuzzystrmatch WITH SCHEMA public;


--
-- Name: EXTENSION fuzzystrmatch; Type: COMMENT; Schema: -; Owner: 
--

COMMENT ON EXTENSION fuzzystrmatch IS 'determine similarities and distance between strings';


--
-- Name: ogr_fdw; Type: EXTENSION; Schema: -; Owner: -
--

CREATE EXTENSION IF NOT EXISTS ogr_fdw WITH SCHEMA public;


--
-- Name: EXTENSION ogr_fdw; Type: COMMENT; Schema: -; Owner: 
--

COMMENT ON EXTENSION ogr_fdw IS 'foreign-data wrapper for GIS data access';


--
-- Name: postgis; Type: EXTENSION; Schema: -; Owner: -
--

CREATE EXTENSION IF NOT EXISTS postgis WITH SCHEMA public;


--
-- Name: EXTENSION postgis; Type: COMMENT; Schema: -; Owner: 
--

COMMENT ON EXTENSION postgis IS 'PostGIS geometry and geography spatial types and functions';


--
-- Name: pgrouting; Type: EXTENSION; Schema: -; Owner: -
--

CREATE EXTENSION IF NOT EXISTS pgrouting WITH SCHEMA public;


--
-- Name: EXTENSION pgrouting; Type: COMMENT; Schema: -; Owner: 
--

COMMENT ON EXTENSION pgrouting IS 'pgRouting Extension';


--
-- Name: pointcloud; Type: EXTENSION; Schema: -; Owner: -
--

CREATE EXTENSION IF NOT EXISTS pointcloud WITH SCHEMA public;


--
-- Name: EXTENSION pointcloud; Type: COMMENT; Schema: -; Owner: 
--

COMMENT ON EXTENSION pointcloud IS 'data type for lidar point clouds';


--
-- Name: pointcloud_postgis; Type: EXTENSION; Schema: -; Owner: -
--

CREATE EXTENSION IF NOT EXISTS pointcloud_postgis WITH SCHEMA public;


--
-- Name: EXTENSION pointcloud_postgis; Type: COMMENT; Schema: -; Owner: 
--

COMMENT ON EXTENSION pointcloud_postgis IS 'integration for pointcloud LIDAR data and PostGIS geometry data';


--
-- Name: postgis_raster; Type: EXTENSION; Schema: -; Owner: -
--

CREATE EXTENSION IF NOT EXISTS postgis_raster WITH SCHEMA public;


--
-- Name: EXTENSION postgis_raster; Type: COMMENT; Schema: -; Owner: 
--

COMMENT ON EXTENSION postgis_raster IS 'PostGIS raster types and functions';


--
-- Name: postgis_sfcgal; Type: EXTENSION; Schema: -; Owner: -
--

CREATE EXTENSION IF NOT EXISTS postgis_sfcgal WITH SCHEMA public;


--
-- Name: EXTENSION postgis_sfcgal; Type: COMMENT; Schema: -; Owner: 
--

COMMENT ON EXTENSION postgis_sfcgal IS 'PostGIS SFCGAL functions';


--
-- Name: postgis_tiger_geocoder; Type: EXTENSION; Schema: -; Owner: -
--

CREATE EXTENSION IF NOT EXISTS postgis_tiger_geocoder WITH SCHEMA tiger;


--
-- Name: EXTENSION postgis_tiger_geocoder; Type: COMMENT; Schema: -; Owner: 
--

COMMENT ON EXTENSION postgis_tiger_geocoder IS 'PostGIS tiger geocoder and reverse geocoder';


--
-- Name: postgis_topology; Type: EXTENSION; Schema: -; Owner: -
--

CREATE EXTENSION IF NOT EXISTS postgis_topology WITH SCHEMA topology;


--
-- Name: EXTENSION postgis_topology; Type: COMMENT; Schema: -; Owner: 
--

COMMENT ON EXTENSION postgis_topology IS 'PostGIS topology spatial types and functions';


--
-- Name: gen_table_id_seq; Type: SEQUENCE; Schema: public; Owner: postgres
--

CREATE SEQUENCE public.gen_table_id_seq
    START WITH 1
    INCREMENT BY 1
    NO MINVALUE
    NO MAXVALUE
    CACHE 1;


ALTER TABLE public.gen_table_id_seq OWNER TO postgres;

SET default_tablespace = '';

SET default_table_access_method = heap;

--
-- Name: gen_table; Type: TABLE; Schema: public; Owner: postgres
--

CREATE TABLE public.gen_table (
    table_id bigint DEFAULT nextval('public.gen_table_id_seq'::regclass) NOT NULL,
    table_name character varying(200),
    table_comment character varying(500),
    sub_table_name character varying(64),
    sub_table_fk_name character varying(64),
    class_name character varying(100),
    tpl_category character varying(200),
    package_name character varying(100),
    module_name character varying(30),
    business_name character varying(30),
    function_name character varying(50),
    function_author character varying(50),
    gen_type character(1),
    gen_path character varying(200),
    options character varying(1000),
    create_by character varying(64),
    create_time timestamp without time zone,
    update_by character varying(64),
    update_time timestamp without time zone,
    remark character varying(500)
);


ALTER TABLE public.gen_table OWNER TO postgres;

--
-- Name: TABLE gen_table; Type: COMMENT; Schema: public; Owner: postgres
--

COMMENT ON TABLE public.gen_table IS '代码生成业务表';


--
-- Name: COLUMN gen_table.table_id; Type: COMMENT; Schema: public; Owner: postgres
--

COMMENT ON COLUMN public.gen_table.table_id IS '编号';


--
-- Name: COLUMN gen_table.table_name; Type: COMMENT; Schema: public; Owner: postgres
--

COMMENT ON COLUMN public.gen_table.table_name IS '表名称';


--
-- Name: COLUMN gen_table.table_comment; Type: COMMENT; Schema: public; Owner: postgres
--

COMMENT ON COLUMN public.gen_table.table_comment IS '表描述';


--
-- Name: COLUMN gen_table.sub_table_name; Type: COMMENT; Schema: public; Owner: postgres
--

COMMENT ON COLUMN public.gen_table.sub_table_name IS '关联子表的表名';


--
-- Name: COLUMN gen_table.sub_table_fk_name; Type: COMMENT; Schema: public; Owner: postgres
--

COMMENT ON COLUMN public.gen_table.sub_table_fk_name IS '子表关联的外键名';


--
-- Name: COLUMN gen_table.class_name; Type: COMMENT; Schema: public; Owner: postgres
--

COMMENT ON COLUMN public.gen_table.class_name IS '实体类名称';


--
-- Name: COLUMN gen_table.tpl_category; Type: COMMENT; Schema: public; Owner: postgres
--

COMMENT ON COLUMN public.gen_table.tpl_category IS '使用的模板（crud单表操作 tree树表操作）';


--
-- Name: COLUMN gen_table.package_name; Type: COMMENT; Schema: public; Owner: postgres
--

COMMENT ON COLUMN public.gen_table.package_name IS '生成包路径';


--
-- Name: COLUMN gen_table.module_name; Type: COMMENT; Schema: public; Owner: postgres
--

COMMENT ON COLUMN public.gen_table.module_name IS '生成模块名';


--
-- Name: COLUMN gen_table.business_name; Type: COMMENT; Schema: public; Owner: postgres
--

COMMENT ON COLUMN public.gen_table.business_name IS '生成业务名';


--
-- Name: COLUMN gen_table.function_name; Type: COMMENT; Schema: public; Owner: postgres
--

COMMENT ON COLUMN public.gen_table.function_name IS '生成功能名';


--
-- Name: COLUMN gen_table.function_author; Type: COMMENT; Schema: public; Owner: postgres
--

COMMENT ON COLUMN public.gen_table.function_author IS '生成功能作者';


--
-- Name: COLUMN gen_table.gen_type; Type: COMMENT; Schema: public; Owner: postgres
--

COMMENT ON COLUMN public.gen_table.gen_type IS '生成代码方式（0zip压缩包 1自定义路径）';


--
-- Name: COLUMN gen_table.gen_path; Type: COMMENT; Schema: public; Owner: postgres
--

COMMENT ON COLUMN public.gen_table.gen_path IS '生成路径（不填默认项目路径）';


--
-- Name: COLUMN gen_table.options; Type: COMMENT; Schema: public; Owner: postgres
--

COMMENT ON COLUMN public.gen_table.options IS '其它生成选项';


--
-- Name: COLUMN gen_table.create_by; Type: COMMENT; Schema: public; Owner: postgres
--

COMMENT ON COLUMN public.gen_table.create_by IS '创建者';


--
-- Name: COLUMN gen_table.create_time; Type: COMMENT; Schema: public; Owner: postgres
--

COMMENT ON COLUMN public.gen_table.create_time IS '创建时间';


--
-- Name: COLUMN gen_table.update_by; Type: COMMENT; Schema: public; Owner: postgres
--

COMMENT ON COLUMN public.gen_table.update_by IS '更新者';


--
-- Name: COLUMN gen_table.update_time; Type: COMMENT; Schema: public; Owner: postgres
--

COMMENT ON COLUMN public.gen_table.update_time IS '更新时间';


--
-- Name: COLUMN gen_table.remark; Type: COMMENT; Schema: public; Owner: postgres
--

COMMENT ON COLUMN public.gen_table.remark IS '备注';


--
-- Name: gen_table_column_id_seq; Type: SEQUENCE; Schema: public; Owner: postgres
--

CREATE SEQUENCE public.gen_table_column_id_seq
    START WITH 1
    INCREMENT BY 1
    NO MINVALUE
    NO MAXVALUE
    CACHE 1;


ALTER TABLE public.gen_table_column_id_seq OWNER TO postgres;

--
-- Name: gen_table_column; Type: TABLE; Schema: public; Owner: postgres
--

CREATE TABLE public.gen_table_column (
    column_id bigint DEFAULT nextval('public.gen_table_column_id_seq'::regclass) NOT NULL,
    table_id bigint,
    column_name character varying(200),
    column_comment character varying(500),
    column_type character varying(100),
    java_type character varying(500),
    java_field character varying(200),
    is_pk character(1),
    is_increment character(1),
    is_required character(1),
    is_insert character(1),
    is_edit character(1),
    is_list character(1),
    is_query character(1),
    query_type character varying(200),
    html_type character varying(200),
    dict_type character varying(200),
    sort integer,
    create_by character varying(64),
    create_time timestamp without time zone,
    update_by character varying(64),
    update_time timestamp without time zone
);


ALTER TABLE public.gen_table_column OWNER TO postgres;

--
-- Name: TABLE gen_table_column; Type: COMMENT; Schema: public; Owner: postgres
--

COMMENT ON TABLE public.gen_table_column IS '代码生成业务表字段';


--
-- Name: COLUMN gen_table_column.column_id; Type: COMMENT; Schema: public; Owner: postgres
--

COMMENT ON COLUMN public.gen_table_column.column_id IS '编号';


--
-- Name: COLUMN gen_table_column.table_id; Type: COMMENT; Schema: public; Owner: postgres
--

COMMENT ON COLUMN public.gen_table_column.table_id IS '归属表编号';


--
-- Name: COLUMN gen_table_column.column_name; Type: COMMENT; Schema: public; Owner: postgres
--

COMMENT ON COLUMN public.gen_table_column.column_name IS '列名称';


--
-- Name: COLUMN gen_table_column.column_comment; Type: COMMENT; Schema: public; Owner: postgres
--

COMMENT ON COLUMN public.gen_table_column.column_comment IS '列描述';


--
-- Name: COLUMN gen_table_column.column_type; Type: COMMENT; Schema: public; Owner: postgres
--

COMMENT ON COLUMN public.gen_table_column.column_type IS '列类型';


--
-- Name: COLUMN gen_table_column.java_type; Type: COMMENT; Schema: public; Owner: postgres
--

COMMENT ON COLUMN public.gen_table_column.java_type IS 'JAVA类型';


--
-- Name: COLUMN gen_table_column.java_field; Type: COMMENT; Schema: public; Owner: postgres
--

COMMENT ON COLUMN public.gen_table_column.java_field IS 'JAVA字段名';


--
-- Name: COLUMN gen_table_column.is_pk; Type: COMMENT; Schema: public; Owner: postgres
--

COMMENT ON COLUMN public.gen_table_column.is_pk IS '是否主键（1是）';


--
-- Name: COLUMN gen_table_column.is_increment; Type: COMMENT; Schema: public; Owner: postgres
--

COMMENT ON COLUMN public.gen_table_column.is_increment IS '是否自增（1是）';


--
-- Name: COLUMN gen_table_column.is_required; Type: COMMENT; Schema: public; Owner: postgres
--

COMMENT ON COLUMN public.gen_table_column.is_required IS '是否必填（1是）';


--
-- Name: COLUMN gen_table_column.is_insert; Type: COMMENT; Schema: public; Owner: postgres
--

COMMENT ON COLUMN public.gen_table_column.is_insert IS '是否为插入字段（1是）';


--
-- Name: COLUMN gen_table_column.is_edit; Type: COMMENT; Schema: public; Owner: postgres
--

COMMENT ON COLUMN public.gen_table_column.is_edit IS '是否编辑字段（1是）';


--
-- Name: COLUMN gen_table_column.is_list; Type: COMMENT; Schema: public; Owner: postgres
--

COMMENT ON COLUMN public.gen_table_column.is_list IS '是否列表字段（1是）';


--
-- Name: COLUMN gen_table_column.is_query; Type: COMMENT; Schema: public; Owner: postgres
--

COMMENT ON COLUMN public.gen_table_column.is_query IS '是否查询字段（1是）';


--
-- Name: COLUMN gen_table_column.query_type; Type: COMMENT; Schema: public; Owner: postgres
--

COMMENT ON COLUMN public.gen_table_column.query_type IS '查询方式（等于、不等于、大于、小于、范围）';


--
-- Name: COLUMN gen_table_column.html_type; Type: COMMENT; Schema: public; Owner: postgres
--

COMMENT ON COLUMN public.gen_table_column.html_type IS '显示类型（文本框、文本域、下拉框、复选框、单选框、日期控件）';


--
-- Name: COLUMN gen_table_column.dict_type; Type: COMMENT; Schema: public; Owner: postgres
--

COMMENT ON COLUMN public.gen_table_column.dict_type IS '字典类型';


--
-- Name: COLUMN gen_table_column.sort; Type: COMMENT; Schema: public; Owner: postgres
--

COMMENT ON COLUMN public.gen_table_column.sort IS '排序';


--
-- Name: COLUMN gen_table_column.create_by; Type: COMMENT; Schema: public; Owner: postgres
--

COMMENT ON COLUMN public.gen_table_column.create_by IS '创建者';


--
-- Name: COLUMN gen_table_column.create_time; Type: COMMENT; Schema: public; Owner: postgres
--

COMMENT ON COLUMN public.gen_table_column.create_time IS '创建时间';


--
-- Name: COLUMN gen_table_column.update_by; Type: COMMENT; Schema: public; Owner: postgres
--

COMMENT ON COLUMN public.gen_table_column.update_by IS '更新者';


--
-- Name: COLUMN gen_table_column.update_time; Type: COMMENT; Schema: public; Owner: postgres
--

COMMENT ON COLUMN public.gen_table_column.update_time IS '更新时间';


--
-- Name: pill_drug_id_seq; Type: SEQUENCE; Schema: public; Owner: postgres
--

CREATE SEQUENCE public.pill_drug_id_seq
    START WITH 103
    INCREMENT BY 1
    NO MINVALUE
    NO MAXVALUE
    CACHE 1;


ALTER TABLE public.pill_drug_id_seq OWNER TO postgres;

--
-- Name: pill_drug; Type: TABLE; Schema: public; Owner: postgres
--

CREATE TABLE public.pill_drug (
    drug_id bigint DEFAULT nextval('public.pill_drug_id_seq'::regclass) NOT NULL,
    drug_name character varying(50),
    drug_code character varying(50),
    factory_id bigint,
    drug_type character(1),
    prescription_type character(1),
    unit character varying(10),
    price integer,
    num integer,
    warn_value integer,
    conversion integer,
    status character(1),
    create_by character varying(50),
    create_time timestamp without time zone,
    update_by character varying(50),
    update_time timestamp without time zone,
    remark character varying(500)
);


ALTER TABLE public.pill_drug OWNER TO postgres;

--
-- Name: TABLE pill_drug; Type: COMMENT; Schema: public; Owner: postgres
--

COMMENT ON TABLE public.pill_drug IS '药品信息';


--
-- Name: COLUMN pill_drug.drug_id; Type: COMMENT; Schema: public; Owner: postgres
--

COMMENT ON COLUMN public.pill_drug.drug_id IS '药品ID';


--
-- Name: COLUMN pill_drug.drug_name; Type: COMMENT; Schema: public; Owner: postgres
--

COMMENT ON COLUMN public.pill_drug.drug_name IS '药品名称';


--
-- Name: COLUMN pill_drug.drug_code; Type: COMMENT; Schema: public; Owner: postgres
--

COMMENT ON COLUMN public.pill_drug.drug_code IS '药品编码';


--
-- Name: COLUMN pill_drug.factory_id; Type: COMMENT; Schema: public; Owner: postgres
--

COMMENT ON COLUMN public.pill_drug.factory_id IS '生产厂家';


--
-- Name: COLUMN pill_drug.drug_type; Type: COMMENT; Schema: public; Owner: postgres
--

COMMENT ON COLUMN public.pill_drug.drug_type IS '药品类型';


--
-- Name: COLUMN pill_drug.prescription_type; Type: COMMENT; Schema: public; Owner: postgres
--

COMMENT ON COLUMN public.pill_drug.prescription_type IS '处方类型';


--
-- Name: COLUMN pill_drug.unit; Type: COMMENT; Schema: public; Owner: postgres
--

COMMENT ON COLUMN public.pill_drug.unit IS '单位';


--
-- Name: COLUMN pill_drug.price; Type: COMMENT; Schema: public; Owner: postgres
--

COMMENT ON COLUMN public.pill_drug.price IS '价格';


--
-- Name: COLUMN pill_drug.num; Type: COMMENT; Schema: public; Owner: postgres
--

COMMENT ON COLUMN public.pill_drug.num IS '库存量';


--
-- Name: COLUMN pill_drug.warn_value; Type: COMMENT; Schema: public; Owner: postgres
--

COMMENT ON COLUMN public.pill_drug.warn_value IS '预警值';


--
-- Name: COLUMN pill_drug.conversion; Type: COMMENT; Schema: public; Owner: postgres
--

COMMENT ON COLUMN public.pill_drug.conversion IS '换算量';


--
-- Name: COLUMN pill_drug.status; Type: COMMENT; Schema: public; Owner: postgres
--

COMMENT ON COLUMN public.pill_drug.status IS '状态';


--
-- Name: COLUMN pill_drug.create_by; Type: COMMENT; Schema: public; Owner: postgres
--

COMMENT ON COLUMN public.pill_drug.create_by IS '创建者';


--
-- Name: COLUMN pill_drug.create_time; Type: COMMENT; Schema: public; Owner: postgres
--

COMMENT ON COLUMN public.pill_drug.create_time IS '创建时间';


--
-- Name: COLUMN pill_drug.update_by; Type: COMMENT; Schema: public; Owner: postgres
--

COMMENT ON COLUMN public.pill_drug.update_by IS '更新者';


--
-- Name: COLUMN pill_drug.update_time; Type: COMMENT; Schema: public; Owner: postgres
--

COMMENT ON COLUMN public.pill_drug.update_time IS '更新时间';


--
-- Name: COLUMN pill_drug.remark; Type: COMMENT; Schema: public; Owner: postgres
--

COMMENT ON COLUMN public.pill_drug.remark IS '备注';


--
-- Name: pill_factory_id_seq; Type: SEQUENCE; Schema: public; Owner: postgres
--

CREATE SEQUENCE public.pill_factory_id_seq
    START WITH 105
    INCREMENT BY 1
    NO MINVALUE
    NO MAXVALUE
    CACHE 1;


ALTER TABLE public.pill_factory_id_seq OWNER TO postgres;

--
-- Name: pill_factory; Type: TABLE; Schema: public; Owner: postgres
--

CREATE TABLE public.pill_factory (
    factory_id bigint DEFAULT nextval('public.pill_factory_id_seq'::regclass) NOT NULL,
    factory_name character varying(50),
    factory_code character varying(50),
    contact character varying(30),
    phone character varying(30),
    keyword character varying(20),
    status character(1),
    create_by character varying(50),
    create_time timestamp without time zone,
    update_by character varying(50),
    update_time timestamp without time zone,
    remark character varying(500)
);


ALTER TABLE public.pill_factory OWNER TO postgres;

--
-- Name: TABLE pill_factory; Type: COMMENT; Schema: public; Owner: postgres
--

COMMENT ON TABLE public.pill_factory IS '生产厂家信息';


--
-- Name: COLUMN pill_factory.factory_id; Type: COMMENT; Schema: public; Owner: postgres
--

COMMENT ON COLUMN public.pill_factory.factory_id IS '厂家ID';


--
-- Name: COLUMN pill_factory.factory_name; Type: COMMENT; Schema: public; Owner: postgres
--

COMMENT ON COLUMN public.pill_factory.factory_name IS '厂家名称';


--
-- Name: COLUMN pill_factory.factory_code; Type: COMMENT; Schema: public; Owner: postgres
--

COMMENT ON COLUMN public.pill_factory.factory_code IS '厂家编码';


--
-- Name: COLUMN pill_factory.contact; Type: COMMENT; Schema: public; Owner: postgres
--

COMMENT ON COLUMN public.pill_factory.contact IS '联系人';


--
-- Name: COLUMN pill_factory.phone; Type: COMMENT; Schema: public; Owner: postgres
--

COMMENT ON COLUMN public.pill_factory.phone IS '电话';


--
-- Name: COLUMN pill_factory.keyword; Type: COMMENT; Schema: public; Owner: postgres
--

COMMENT ON COLUMN public.pill_factory.keyword IS '关键字';


--
-- Name: COLUMN pill_factory.status; Type: COMMENT; Schema: public; Owner: postgres
--

COMMENT ON COLUMN public.pill_factory.status IS '状态';


--
-- Name: COLUMN pill_factory.create_by; Type: COMMENT; Schema: public; Owner: postgres
--

COMMENT ON COLUMN public.pill_factory.create_by IS '创建者';


--
-- Name: COLUMN pill_factory.create_time; Type: COMMENT; Schema: public; Owner: postgres
--

COMMENT ON COLUMN public.pill_factory.create_time IS '创建时间';


--
-- Name: COLUMN pill_factory.update_by; Type: COMMENT; Schema: public; Owner: postgres
--

COMMENT ON COLUMN public.pill_factory.update_by IS '更新者';


--
-- Name: COLUMN pill_factory.update_time; Type: COMMENT; Schema: public; Owner: postgres
--

COMMENT ON COLUMN public.pill_factory.update_time IS '更新时间';


--
-- Name: COLUMN pill_factory.remark; Type: COMMENT; Schema: public; Owner: postgres
--

COMMENT ON COLUMN public.pill_factory.remark IS '备注';


--
-- Name: qrtz_blob_triggers; Type: TABLE; Schema: public; Owner: postgres
--

CREATE TABLE public.qrtz_blob_triggers (
    sched_name character varying(120) NOT NULL,
    trigger_name character varying(200) NOT NULL,
    trigger_group character varying(200) NOT NULL,
    blob_data bytea
);


ALTER TABLE public.qrtz_blob_triggers OWNER TO postgres;

--
-- Name: TABLE qrtz_blob_triggers; Type: COMMENT; Schema: public; Owner: postgres
--

COMMENT ON TABLE public.qrtz_blob_triggers IS 'Blob类型的触发器表';


--
-- Name: COLUMN qrtz_blob_triggers.sched_name; Type: COMMENT; Schema: public; Owner: postgres
--

COMMENT ON COLUMN public.qrtz_blob_triggers.sched_name IS '调度名称';


--
-- Name: COLUMN qrtz_blob_triggers.trigger_name; Type: COMMENT; Schema: public; Owner: postgres
--

COMMENT ON COLUMN public.qrtz_blob_triggers.trigger_name IS 'qrtz_triggers表trigger_name的外键';


--
-- Name: COLUMN qrtz_blob_triggers.trigger_group; Type: COMMENT; Schema: public; Owner: postgres
--

COMMENT ON COLUMN public.qrtz_blob_triggers.trigger_group IS 'qrtz_triggers表trigger_group的外键';


--
-- Name: COLUMN qrtz_blob_triggers.blob_data; Type: COMMENT; Schema: public; Owner: postgres
--

COMMENT ON COLUMN public.qrtz_blob_triggers.blob_data IS '存放持久化Trigger对象';


--
-- Name: qrtz_calendars; Type: TABLE; Schema: public; Owner: postgres
--

CREATE TABLE public.qrtz_calendars (
    sched_name character varying(120) NOT NULL,
    calendar_name character varying(200) NOT NULL,
    calendar bytea NOT NULL
);


ALTER TABLE public.qrtz_calendars OWNER TO postgres;

--
-- Name: TABLE qrtz_calendars; Type: COMMENT; Schema: public; Owner: postgres
--

COMMENT ON TABLE public.qrtz_calendars IS '日历信息表';


--
-- Name: COLUMN qrtz_calendars.sched_name; Type: COMMENT; Schema: public; Owner: postgres
--

COMMENT ON COLUMN public.qrtz_calendars.sched_name IS '调度名称';


--
-- Name: COLUMN qrtz_calendars.calendar_name; Type: COMMENT; Schema: public; Owner: postgres
--

COMMENT ON COLUMN public.qrtz_calendars.calendar_name IS '日历名称';


--
-- Name: COLUMN qrtz_calendars.calendar; Type: COMMENT; Schema: public; Owner: postgres
--

COMMENT ON COLUMN public.qrtz_calendars.calendar IS '存放持久化calendar对象';


--
-- Name: qrtz_cron_triggers; Type: TABLE; Schema: public; Owner: postgres
--

CREATE TABLE public.qrtz_cron_triggers (
    sched_name character varying(120) NOT NULL,
    trigger_name character varying(200) NOT NULL,
    trigger_group character varying(200) NOT NULL,
    cron_expression character varying(200) NOT NULL,
    time_zone_id character varying(80)
);


ALTER TABLE public.qrtz_cron_triggers OWNER TO postgres;

--
-- Name: TABLE qrtz_cron_triggers; Type: COMMENT; Schema: public; Owner: postgres
--

COMMENT ON TABLE public.qrtz_cron_triggers IS 'Cron类型的触发器表';


--
-- Name: COLUMN qrtz_cron_triggers.sched_name; Type: COMMENT; Schema: public; Owner: postgres
--

COMMENT ON COLUMN public.qrtz_cron_triggers.sched_name IS '调度名称';


--
-- Name: COLUMN qrtz_cron_triggers.trigger_name; Type: COMMENT; Schema: public; Owner: postgres
--

COMMENT ON COLUMN public.qrtz_cron_triggers.trigger_name IS 'qrtz_triggers表trigger_name的外键';


--
-- Name: COLUMN qrtz_cron_triggers.trigger_group; Type: COMMENT; Schema: public; Owner: postgres
--

COMMENT ON COLUMN public.qrtz_cron_triggers.trigger_group IS 'qrtz_triggers表trigger_group的外键';


--
-- Name: COLUMN qrtz_cron_triggers.cron_expression; Type: COMMENT; Schema: public; Owner: postgres
--

COMMENT ON COLUMN public.qrtz_cron_triggers.cron_expression IS 'cron表达式';


--
-- Name: COLUMN qrtz_cron_triggers.time_zone_id; Type: COMMENT; Schema: public; Owner: postgres
--

COMMENT ON COLUMN public.qrtz_cron_triggers.time_zone_id IS '时区';


--
-- Name: qrtz_fired_triggers; Type: TABLE; Schema: public; Owner: postgres
--

CREATE TABLE public.qrtz_fired_triggers (
    sched_name character varying(120) NOT NULL,
    entry_id character varying(95) NOT NULL,
    trigger_name character varying(200) NOT NULL,
    trigger_group character varying(200) NOT NULL,
    instance_name character varying(200) NOT NULL,
    fired_time bigint NOT NULL,
    sched_time bigint NOT NULL,
    priority integer NOT NULL,
    state character varying(16) NOT NULL,
    job_name character varying(200),
    job_group character varying(200),
    is_nonconcurrent character varying(1),
    requests_recovery character varying(1)
);


ALTER TABLE public.qrtz_fired_triggers OWNER TO postgres;

--
-- Name: TABLE qrtz_fired_triggers; Type: COMMENT; Schema: public; Owner: postgres
--

COMMENT ON TABLE public.qrtz_fired_triggers IS '已触发的触发器表';


--
-- Name: COLUMN qrtz_fired_triggers.sched_name; Type: COMMENT; Schema: public; Owner: postgres
--

COMMENT ON COLUMN public.qrtz_fired_triggers.sched_name IS '调度名称';


--
-- Name: COLUMN qrtz_fired_triggers.entry_id; Type: COMMENT; Schema: public; Owner: postgres
--

COMMENT ON COLUMN public.qrtz_fired_triggers.entry_id IS '调度器实例id';


--
-- Name: COLUMN qrtz_fired_triggers.trigger_name; Type: COMMENT; Schema: public; Owner: postgres
--

COMMENT ON COLUMN public.qrtz_fired_triggers.trigger_name IS 'qrtz_triggers表trigger_name的外键';


--
-- Name: COLUMN qrtz_fired_triggers.trigger_group; Type: COMMENT; Schema: public; Owner: postgres
--

COMMENT ON COLUMN public.qrtz_fired_triggers.trigger_group IS 'qrtz_triggers表trigger_group的外键';


--
-- Name: COLUMN qrtz_fired_triggers.instance_name; Type: COMMENT; Schema: public; Owner: postgres
--

COMMENT ON COLUMN public.qrtz_fired_triggers.instance_name IS '调度器实例名';


--
-- Name: COLUMN qrtz_fired_triggers.fired_time; Type: COMMENT; Schema: public; Owner: postgres
--

COMMENT ON COLUMN public.qrtz_fired_triggers.fired_time IS '触发的时间';


--
-- Name: COLUMN qrtz_fired_triggers.sched_time; Type: COMMENT; Schema: public; Owner: postgres
--

COMMENT ON COLUMN public.qrtz_fired_triggers.sched_time IS '定时器制定的时间';


--
-- Name: COLUMN qrtz_fired_triggers.priority; Type: COMMENT; Schema: public; Owner: postgres
--

COMMENT ON COLUMN public.qrtz_fired_triggers.priority IS '优先级';


--
-- Name: COLUMN qrtz_fired_triggers.state; Type: COMMENT; Schema: public; Owner: postgres
--

COMMENT ON COLUMN public.qrtz_fired_triggers.state IS '状态';


--
-- Name: COLUMN qrtz_fired_triggers.job_name; Type: COMMENT; Schema: public; Owner: postgres
--

COMMENT ON COLUMN public.qrtz_fired_triggers.job_name IS '任务名称';


--
-- Name: COLUMN qrtz_fired_triggers.job_group; Type: COMMENT; Schema: public; Owner: postgres
--

COMMENT ON COLUMN public.qrtz_fired_triggers.job_group IS '任务组名';


--
-- Name: COLUMN qrtz_fired_triggers.is_nonconcurrent; Type: COMMENT; Schema: public; Owner: postgres
--

COMMENT ON COLUMN public.qrtz_fired_triggers.is_nonconcurrent IS '是否并发';


--
-- Name: COLUMN qrtz_fired_triggers.requests_recovery; Type: COMMENT; Schema: public; Owner: postgres
--

COMMENT ON COLUMN public.qrtz_fired_triggers.requests_recovery IS '是否接受恢复执行';


--
-- Name: qrtz_job_details; Type: TABLE; Schema: public; Owner: postgres
--

CREATE TABLE public.qrtz_job_details (
    sched_name character varying(120) NOT NULL,
    job_name character varying(200) NOT NULL,
    job_group character varying(200) NOT NULL,
    description character varying(250),
    job_class_name character varying(250) NOT NULL,
    is_durable character varying(1) NOT NULL,
    is_nonconcurrent character varying(1) NOT NULL,
    is_update_data character varying(1) NOT NULL,
    requests_recovery character varying(1) NOT NULL,
    job_data bytea
);


ALTER TABLE public.qrtz_job_details OWNER TO postgres;

--
-- Name: TABLE qrtz_job_details; Type: COMMENT; Schema: public; Owner: postgres
--

COMMENT ON TABLE public.qrtz_job_details IS '任务详细信息表';


--
-- Name: COLUMN qrtz_job_details.sched_name; Type: COMMENT; Schema: public; Owner: postgres
--

COMMENT ON COLUMN public.qrtz_job_details.sched_name IS '调度名称';


--
-- Name: COLUMN qrtz_job_details.job_name; Type: COMMENT; Schema: public; Owner: postgres
--

COMMENT ON COLUMN public.qrtz_job_details.job_name IS '任务名称';


--
-- Name: COLUMN qrtz_job_details.job_group; Type: COMMENT; Schema: public; Owner: postgres
--

COMMENT ON COLUMN public.qrtz_job_details.job_group IS '任务组名';


--
-- Name: COLUMN qrtz_job_details.description; Type: COMMENT; Schema: public; Owner: postgres
--

COMMENT ON COLUMN public.qrtz_job_details.description IS '相关介绍';


--
-- Name: COLUMN qrtz_job_details.job_class_name; Type: COMMENT; Schema: public; Owner: postgres
--

COMMENT ON COLUMN public.qrtz_job_details.job_class_name IS '执行任务类名称';


--
-- Name: COLUMN qrtz_job_details.is_durable; Type: COMMENT; Schema: public; Owner: postgres
--

COMMENT ON COLUMN public.qrtz_job_details.is_durable IS '是否持久化';


--
-- Name: COLUMN qrtz_job_details.is_nonconcurrent; Type: COMMENT; Schema: public; Owner: postgres
--

COMMENT ON COLUMN public.qrtz_job_details.is_nonconcurrent IS '是否并发';


--
-- Name: COLUMN qrtz_job_details.is_update_data; Type: COMMENT; Schema: public; Owner: postgres
--

COMMENT ON COLUMN public.qrtz_job_details.is_update_data IS '是否更新数据';


--
-- Name: COLUMN qrtz_job_details.requests_recovery; Type: COMMENT; Schema: public; Owner: postgres
--

COMMENT ON COLUMN public.qrtz_job_details.requests_recovery IS '是否接受恢复执行';


--
-- Name: COLUMN qrtz_job_details.job_data; Type: COMMENT; Schema: public; Owner: postgres
--

COMMENT ON COLUMN public.qrtz_job_details.job_data IS '存放持久化job对象';


--
-- Name: qrtz_locks; Type: TABLE; Schema: public; Owner: postgres
--

CREATE TABLE public.qrtz_locks (
    sched_name character varying(120) NOT NULL,
    lock_name character varying(40) NOT NULL
);


ALTER TABLE public.qrtz_locks OWNER TO postgres;

--
-- Name: TABLE qrtz_locks; Type: COMMENT; Schema: public; Owner: postgres
--

COMMENT ON TABLE public.qrtz_locks IS '存储的悲观锁信息表';


--
-- Name: COLUMN qrtz_locks.sched_name; Type: COMMENT; Schema: public; Owner: postgres
--

COMMENT ON COLUMN public.qrtz_locks.sched_name IS '调度名称';


--
-- Name: COLUMN qrtz_locks.lock_name; Type: COMMENT; Schema: public; Owner: postgres
--

COMMENT ON COLUMN public.qrtz_locks.lock_name IS '悲观锁名称';


--
-- Name: qrtz_paused_trigger_grps; Type: TABLE; Schema: public; Owner: postgres
--

CREATE TABLE public.qrtz_paused_trigger_grps (
    sched_name character varying(120) NOT NULL,
    trigger_group character varying(200) NOT NULL
);


ALTER TABLE public.qrtz_paused_trigger_grps OWNER TO postgres;

--
-- Name: TABLE qrtz_paused_trigger_grps; Type: COMMENT; Schema: public; Owner: postgres
--

COMMENT ON TABLE public.qrtz_paused_trigger_grps IS '暂停的触发器表';


--
-- Name: COLUMN qrtz_paused_trigger_grps.sched_name; Type: COMMENT; Schema: public; Owner: postgres
--

COMMENT ON COLUMN public.qrtz_paused_trigger_grps.sched_name IS '调度名称';


--
-- Name: COLUMN qrtz_paused_trigger_grps.trigger_group; Type: COMMENT; Schema: public; Owner: postgres
--

COMMENT ON COLUMN public.qrtz_paused_trigger_grps.trigger_group IS 'qrtz_triggers表trigger_group的外键';


--
-- Name: qrtz_scheduler_state; Type: TABLE; Schema: public; Owner: postgres
--

CREATE TABLE public.qrtz_scheduler_state (
    sched_name character varying(120) NOT NULL,
    instance_name character varying(200) NOT NULL,
    last_checkin_time bigint NOT NULL,
    checkin_interval bigint NOT NULL
);


ALTER TABLE public.qrtz_scheduler_state OWNER TO postgres;

--
-- Name: TABLE qrtz_scheduler_state; Type: COMMENT; Schema: public; Owner: postgres
--

COMMENT ON TABLE public.qrtz_scheduler_state IS '调度器状态表';


--
-- Name: COLUMN qrtz_scheduler_state.sched_name; Type: COMMENT; Schema: public; Owner: postgres
--

COMMENT ON COLUMN public.qrtz_scheduler_state.sched_name IS '调度名称';


--
-- Name: COLUMN qrtz_scheduler_state.instance_name; Type: COMMENT; Schema: public; Owner: postgres
--

COMMENT ON COLUMN public.qrtz_scheduler_state.instance_name IS '实例名称';


--
-- Name: COLUMN qrtz_scheduler_state.last_checkin_time; Type: COMMENT; Schema: public; Owner: postgres
--

COMMENT ON COLUMN public.qrtz_scheduler_state.last_checkin_time IS '上次检查时间';


--
-- Name: COLUMN qrtz_scheduler_state.checkin_interval; Type: COMMENT; Schema: public; Owner: postgres
--

COMMENT ON COLUMN public.qrtz_scheduler_state.checkin_interval IS '检查间隔时间';


--
-- Name: qrtz_simple_triggers; Type: TABLE; Schema: public; Owner: postgres
--

CREATE TABLE public.qrtz_simple_triggers (
    sched_name character varying(120) NOT NULL,
    trigger_name character varying(200) NOT NULL,
    trigger_group character varying(200) NOT NULL,
    repeat_count bigint NOT NULL,
    repeat_interval bigint NOT NULL,
    times_triggered bigint NOT NULL
);


ALTER TABLE public.qrtz_simple_triggers OWNER TO postgres;

--
-- Name: TABLE qrtz_simple_triggers; Type: COMMENT; Schema: public; Owner: postgres
--

COMMENT ON TABLE public.qrtz_simple_triggers IS '简单触发器的信息表';


--
-- Name: COLUMN qrtz_simple_triggers.sched_name; Type: COMMENT; Schema: public; Owner: postgres
--

COMMENT ON COLUMN public.qrtz_simple_triggers.sched_name IS '调度名称';


--
-- Name: COLUMN qrtz_simple_triggers.trigger_name; Type: COMMENT; Schema: public; Owner: postgres
--

COMMENT ON COLUMN public.qrtz_simple_triggers.trigger_name IS 'qrtz_triggers表trigger_name的外键';


--
-- Name: COLUMN qrtz_simple_triggers.trigger_group; Type: COMMENT; Schema: public; Owner: postgres
--

COMMENT ON COLUMN public.qrtz_simple_triggers.trigger_group IS 'qrtz_triggers表trigger_group的外键';


--
-- Name: COLUMN qrtz_simple_triggers.repeat_count; Type: COMMENT; Schema: public; Owner: postgres
--

COMMENT ON COLUMN public.qrtz_simple_triggers.repeat_count IS '重复的次数统计';


--
-- Name: COLUMN qrtz_simple_triggers.repeat_interval; Type: COMMENT; Schema: public; Owner: postgres
--

COMMENT ON COLUMN public.qrtz_simple_triggers.repeat_interval IS '重复的间隔时间';


--
-- Name: COLUMN qrtz_simple_triggers.times_triggered; Type: COMMENT; Schema: public; Owner: postgres
--

COMMENT ON COLUMN public.qrtz_simple_triggers.times_triggered IS '已经触发的次数';


--
-- Name: qrtz_simprop_triggers; Type: TABLE; Schema: public; Owner: postgres
--

CREATE TABLE public.qrtz_simprop_triggers (
    sched_name character varying(120) NOT NULL,
    trigger_name character varying(200) NOT NULL,
    trigger_group character varying(200) NOT NULL,
    str_prop_1 character varying(512),
    str_prop_2 character varying(512),
    str_prop_3 character varying(512),
    int_prop_1 integer,
    int_prop_2 integer,
    long_prop_1 bigint,
    long_prop_2 bigint,
    dec_prop_1 numeric(13,4),
    dec_prop_2 numeric(13,4),
    bool_prop_1 character varying(1),
    bool_prop_2 character varying(1)
);


ALTER TABLE public.qrtz_simprop_triggers OWNER TO postgres;

--
-- Name: TABLE qrtz_simprop_triggers; Type: COMMENT; Schema: public; Owner: postgres
--

COMMENT ON TABLE public.qrtz_simprop_triggers IS '同步机制的行锁表';


--
-- Name: COLUMN qrtz_simprop_triggers.sched_name; Type: COMMENT; Schema: public; Owner: postgres
--

COMMENT ON COLUMN public.qrtz_simprop_triggers.sched_name IS '调度名称';


--
-- Name: COLUMN qrtz_simprop_triggers.trigger_name; Type: COMMENT; Schema: public; Owner: postgres
--

COMMENT ON COLUMN public.qrtz_simprop_triggers.trigger_name IS 'qrtz_triggers表trigger_name的外键';


--
-- Name: COLUMN qrtz_simprop_triggers.trigger_group; Type: COMMENT; Schema: public; Owner: postgres
--

COMMENT ON COLUMN public.qrtz_simprop_triggers.trigger_group IS 'qrtz_triggers表trigger_group的外键';


--
-- Name: COLUMN qrtz_simprop_triggers.str_prop_1; Type: COMMENT; Schema: public; Owner: postgres
--

COMMENT ON COLUMN public.qrtz_simprop_triggers.str_prop_1 IS 'String类型的trigger的第一个参数';


--
-- Name: COLUMN qrtz_simprop_triggers.str_prop_2; Type: COMMENT; Schema: public; Owner: postgres
--

COMMENT ON COLUMN public.qrtz_simprop_triggers.str_prop_2 IS 'String类型的trigger的第二个参数';


--
-- Name: COLUMN qrtz_simprop_triggers.str_prop_3; Type: COMMENT; Schema: public; Owner: postgres
--

COMMENT ON COLUMN public.qrtz_simprop_triggers.str_prop_3 IS 'String类型的trigger的第三个参数';


--
-- Name: COLUMN qrtz_simprop_triggers.int_prop_1; Type: COMMENT; Schema: public; Owner: postgres
--

COMMENT ON COLUMN public.qrtz_simprop_triggers.int_prop_1 IS 'int类型的trigger的第一个参数';


--
-- Name: COLUMN qrtz_simprop_triggers.int_prop_2; Type: COMMENT; Schema: public; Owner: postgres
--

COMMENT ON COLUMN public.qrtz_simprop_triggers.int_prop_2 IS 'int类型的trigger的第二个参数';


--
-- Name: COLUMN qrtz_simprop_triggers.long_prop_1; Type: COMMENT; Schema: public; Owner: postgres
--

COMMENT ON COLUMN public.qrtz_simprop_triggers.long_prop_1 IS 'long类型的trigger的第一个参数';


--
-- Name: COLUMN qrtz_simprop_triggers.long_prop_2; Type: COMMENT; Schema: public; Owner: postgres
--

COMMENT ON COLUMN public.qrtz_simprop_triggers.long_prop_2 IS 'long类型的trigger的第二个参数';


--
-- Name: COLUMN qrtz_simprop_triggers.dec_prop_1; Type: COMMENT; Schema: public; Owner: postgres
--

COMMENT ON COLUMN public.qrtz_simprop_triggers.dec_prop_1 IS 'decimal类型的trigger的第一个参数';


--
-- Name: COLUMN qrtz_simprop_triggers.dec_prop_2; Type: COMMENT; Schema: public; Owner: postgres
--

COMMENT ON COLUMN public.qrtz_simprop_triggers.dec_prop_2 IS 'decimal类型的trigger的第二个参数';


--
-- Name: COLUMN qrtz_simprop_triggers.bool_prop_1; Type: COMMENT; Schema: public; Owner: postgres
--

COMMENT ON COLUMN public.qrtz_simprop_triggers.bool_prop_1 IS 'Boolean类型的trigger的第一个参数';


--
-- Name: COLUMN qrtz_simprop_triggers.bool_prop_2; Type: COMMENT; Schema: public; Owner: postgres
--

COMMENT ON COLUMN public.qrtz_simprop_triggers.bool_prop_2 IS 'Boolean类型的trigger的第二个参数';


--
-- Name: qrtz_triggers; Type: TABLE; Schema: public; Owner: postgres
--

CREATE TABLE public.qrtz_triggers (
    sched_name character varying(120) NOT NULL,
    trigger_name character varying(200) NOT NULL,
    trigger_group character varying(200) NOT NULL,
    job_name character varying(200) NOT NULL,
    job_group character varying(200) NOT NULL,
    description character varying(250),
    next_fire_time bigint,
    prev_fire_time bigint,
    priority integer,
    trigger_state character varying(16) NOT NULL,
    trigger_type character varying(8) NOT NULL,
    start_time bigint NOT NULL,
    end_time bigint,
    calendar_name character varying(200),
    misfire_instr smallint,
    job_data bytea
);


ALTER TABLE public.qrtz_triggers OWNER TO postgres;

--
-- Name: TABLE qrtz_triggers; Type: COMMENT; Schema: public; Owner: postgres
--

COMMENT ON TABLE public.qrtz_triggers IS '触发器详细信息表';


--
-- Name: COLUMN qrtz_triggers.sched_name; Type: COMMENT; Schema: public; Owner: postgres
--

COMMENT ON COLUMN public.qrtz_triggers.sched_name IS '调度名称';


--
-- Name: COLUMN qrtz_triggers.trigger_name; Type: COMMENT; Schema: public; Owner: postgres
--

COMMENT ON COLUMN public.qrtz_triggers.trigger_name IS '触发器的名字';


--
-- Name: COLUMN qrtz_triggers.trigger_group; Type: COMMENT; Schema: public; Owner: postgres
--

COMMENT ON COLUMN public.qrtz_triggers.trigger_group IS '触发器所属组的名字';


--
-- Name: COLUMN qrtz_triggers.job_name; Type: COMMENT; Schema: public; Owner: postgres
--

COMMENT ON COLUMN public.qrtz_triggers.job_name IS 'qrtz_job_details表job_name的外键';


--
-- Name: COLUMN qrtz_triggers.job_group; Type: COMMENT; Schema: public; Owner: postgres
--

COMMENT ON COLUMN public.qrtz_triggers.job_group IS 'qrtz_job_details表job_group的外键';


--
-- Name: COLUMN qrtz_triggers.description; Type: COMMENT; Schema: public; Owner: postgres
--

COMMENT ON COLUMN public.qrtz_triggers.description IS '相关介绍';


--
-- Name: COLUMN qrtz_triggers.next_fire_time; Type: COMMENT; Schema: public; Owner: postgres
--

COMMENT ON COLUMN public.qrtz_triggers.next_fire_time IS '上一次触发时间（毫秒）';


--
-- Name: COLUMN qrtz_triggers.prev_fire_time; Type: COMMENT; Schema: public; Owner: postgres
--

COMMENT ON COLUMN public.qrtz_triggers.prev_fire_time IS '下一次触发时间（默认为-1表示不触发）';


--
-- Name: COLUMN qrtz_triggers.priority; Type: COMMENT; Schema: public; Owner: postgres
--

COMMENT ON COLUMN public.qrtz_triggers.priority IS '优先级';


--
-- Name: COLUMN qrtz_triggers.trigger_state; Type: COMMENT; Schema: public; Owner: postgres
--

COMMENT ON COLUMN public.qrtz_triggers.trigger_state IS '触发器状态';


--
-- Name: COLUMN qrtz_triggers.trigger_type; Type: COMMENT; Schema: public; Owner: postgres
--

COMMENT ON COLUMN public.qrtz_triggers.trigger_type IS '触发器的类型';


--
-- Name: COLUMN qrtz_triggers.start_time; Type: COMMENT; Schema: public; Owner: postgres
--

COMMENT ON COLUMN public.qrtz_triggers.start_time IS '开始时间';


--
-- Name: COLUMN qrtz_triggers.end_time; Type: COMMENT; Schema: public; Owner: postgres
--

COMMENT ON COLUMN public.qrtz_triggers.end_time IS '结束时间';


--
-- Name: COLUMN qrtz_triggers.calendar_name; Type: COMMENT; Schema: public; Owner: postgres
--

COMMENT ON COLUMN public.qrtz_triggers.calendar_name IS '日程表名称';


--
-- Name: COLUMN qrtz_triggers.misfire_instr; Type: COMMENT; Schema: public; Owner: postgres
--

COMMENT ON COLUMN public.qrtz_triggers.misfire_instr IS '补偿执行的策略';


--
-- Name: COLUMN qrtz_triggers.job_data; Type: COMMENT; Schema: public; Owner: postgres
--

COMMENT ON COLUMN public.qrtz_triggers.job_data IS '存放持久化job对象';


--
-- Name: sys_config; Type: TABLE; Schema: public; Owner: postgres
--

CREATE TABLE public.sys_config (
    config_id integer NOT NULL,
    config_name character varying(100),
    config_key character varying(100),
    config_value character varying(500),
    config_type character(1),
    create_by character varying(64),
    create_time timestamp without time zone,
    update_by character varying(64),
    update_time timestamp without time zone,
    remark character varying(500)
);


ALTER TABLE public.sys_config OWNER TO postgres;

--
-- Name: TABLE sys_config; Type: COMMENT; Schema: public; Owner: postgres
--

COMMENT ON TABLE public.sys_config IS '参数配置表';


--
-- Name: COLUMN sys_config.config_id; Type: COMMENT; Schema: public; Owner: postgres
--

COMMENT ON COLUMN public.sys_config.config_id IS '参数主键';


--
-- Name: COLUMN sys_config.config_name; Type: COMMENT; Schema: public; Owner: postgres
--

COMMENT ON COLUMN public.sys_config.config_name IS '参数名称';


--
-- Name: COLUMN sys_config.config_key; Type: COMMENT; Schema: public; Owner: postgres
--

COMMENT ON COLUMN public.sys_config.config_key IS '参数键名';


--
-- Name: COLUMN sys_config.config_value; Type: COMMENT; Schema: public; Owner: postgres
--

COMMENT ON COLUMN public.sys_config.config_value IS '参数键值';


--
-- Name: COLUMN sys_config.config_type; Type: COMMENT; Schema: public; Owner: postgres
--

COMMENT ON COLUMN public.sys_config.config_type IS '系统内置（Y是 N否）';


--
-- Name: COLUMN sys_config.create_by; Type: COMMENT; Schema: public; Owner: postgres
--

COMMENT ON COLUMN public.sys_config.create_by IS '创建者';


--
-- Name: COLUMN sys_config.create_time; Type: COMMENT; Schema: public; Owner: postgres
--

COMMENT ON COLUMN public.sys_config.create_time IS '创建时间';


--
-- Name: COLUMN sys_config.update_by; Type: COMMENT; Schema: public; Owner: postgres
--

COMMENT ON COLUMN public.sys_config.update_by IS '更新者';


--
-- Name: COLUMN sys_config.update_time; Type: COMMENT; Schema: public; Owner: postgres
--

COMMENT ON COLUMN public.sys_config.update_time IS '更新时间';


--
-- Name: COLUMN sys_config.remark; Type: COMMENT; Schema: public; Owner: postgres
--

COMMENT ON COLUMN public.sys_config.remark IS '备注';


--
-- Name: sys_dept_id_seq; Type: SEQUENCE; Schema: public; Owner: postgres
--

CREATE SEQUENCE public.sys_dept_id_seq
    START WITH 110
    INCREMENT BY 1
    NO MINVALUE
    NO MAXVALUE
    CACHE 1;


ALTER TABLE public.sys_dept_id_seq OWNER TO postgres;

--
-- Name: sys_dept; Type: TABLE; Schema: public; Owner: postgres
--

CREATE TABLE public.sys_dept (
    dept_id bigint DEFAULT nextval('public.sys_dept_id_seq'::regclass) NOT NULL,
    parent_id bigint,
    ancestors character varying(50),
    dept_name character varying(30),
    order_num integer,
    leader character varying(20),
    phone character varying(11),
    email character varying(50),
    status character(1),
    del_flag character(1),
    create_by character varying(64),
    create_time timestamp without time zone,
    update_by character varying(64),
    update_time timestamp without time zone
);


ALTER TABLE public.sys_dept OWNER TO postgres;

--
-- Name: TABLE sys_dept; Type: COMMENT; Schema: public; Owner: postgres
--

COMMENT ON TABLE public.sys_dept IS '部门表';


--
-- Name: COLUMN sys_dept.dept_id; Type: COMMENT; Schema: public; Owner: postgres
--

COMMENT ON COLUMN public.sys_dept.dept_id IS '部门id';


--
-- Name: COLUMN sys_dept.parent_id; Type: COMMENT; Schema: public; Owner: postgres
--

COMMENT ON COLUMN public.sys_dept.parent_id IS '父部门id';


--
-- Name: COLUMN sys_dept.ancestors; Type: COMMENT; Schema: public; Owner: postgres
--

COMMENT ON COLUMN public.sys_dept.ancestors IS '祖级列表';


--
-- Name: COLUMN sys_dept.dept_name; Type: COMMENT; Schema: public; Owner: postgres
--

COMMENT ON COLUMN public.sys_dept.dept_name IS '部门名称';


--
-- Name: COLUMN sys_dept.order_num; Type: COMMENT; Schema: public; Owner: postgres
--

COMMENT ON COLUMN public.sys_dept.order_num IS '显示顺序';


--
-- Name: COLUMN sys_dept.leader; Type: COMMENT; Schema: public; Owner: postgres
--

COMMENT ON COLUMN public.sys_dept.leader IS '负责人';


--
-- Name: COLUMN sys_dept.phone; Type: COMMENT; Schema: public; Owner: postgres
--

COMMENT ON COLUMN public.sys_dept.phone IS '联系电话';


--
-- Name: COLUMN sys_dept.email; Type: COMMENT; Schema: public; Owner: postgres
--

COMMENT ON COLUMN public.sys_dept.email IS '邮箱';


--
-- Name: COLUMN sys_dept.status; Type: COMMENT; Schema: public; Owner: postgres
--

COMMENT ON COLUMN public.sys_dept.status IS '部门状态（0正常 1停用）';


--
-- Name: COLUMN sys_dept.del_flag; Type: COMMENT; Schema: public; Owner: postgres
--

COMMENT ON COLUMN public.sys_dept.del_flag IS '删除标志（0代表存在 2代表删除）';


--
-- Name: COLUMN sys_dept.create_by; Type: COMMENT; Schema: public; Owner: postgres
--

COMMENT ON COLUMN public.sys_dept.create_by IS '创建者';


--
-- Name: COLUMN sys_dept.create_time; Type: COMMENT; Schema: public; Owner: postgres
--

COMMENT ON COLUMN public.sys_dept.create_time IS '创建时间';


--
-- Name: COLUMN sys_dept.update_by; Type: COMMENT; Schema: public; Owner: postgres
--

COMMENT ON COLUMN public.sys_dept.update_by IS '更新者';


--
-- Name: COLUMN sys_dept.update_time; Type: COMMENT; Schema: public; Owner: postgres
--

COMMENT ON COLUMN public.sys_dept.update_time IS '更新时间';


--
-- Name: sys_dict_data_id_seq; Type: SEQUENCE; Schema: public; Owner: postgres
--

CREATE SEQUENCE public.sys_dict_data_id_seq
    START WITH 11
    INCREMENT BY 1
    NO MINVALUE
    NO MAXVALUE
    CACHE 1;


ALTER TABLE public.sys_dict_data_id_seq OWNER TO postgres;

--
-- Name: sys_dict_data; Type: TABLE; Schema: public; Owner: postgres
--

CREATE TABLE public.sys_dict_data (
    dict_code bigint DEFAULT nextval('public.sys_dict_data_id_seq'::regclass) NOT NULL,
    dict_sort integer,
    dict_label character varying(100),
    dict_value character varying(100),
    dict_type character varying(100),
    css_class character varying(100),
    list_class character varying(100),
    is_default character(1),
    status character(1),
    create_by character varying(64),
    create_time timestamp without time zone,
    update_by character varying(64),
    update_time timestamp without time zone,
    remark character varying(500)
);


ALTER TABLE public.sys_dict_data OWNER TO postgres;

--
-- Name: TABLE sys_dict_data; Type: COMMENT; Schema: public; Owner: postgres
--

COMMENT ON TABLE public.sys_dict_data IS '字典数据表';


--
-- Name: COLUMN sys_dict_data.dict_code; Type: COMMENT; Schema: public; Owner: postgres
--

COMMENT ON COLUMN public.sys_dict_data.dict_code IS '字典编码';


--
-- Name: COLUMN sys_dict_data.dict_sort; Type: COMMENT; Schema: public; Owner: postgres
--

COMMENT ON COLUMN public.sys_dict_data.dict_sort IS '字典排序';


--
-- Name: COLUMN sys_dict_data.dict_label; Type: COMMENT; Schema: public; Owner: postgres
--

COMMENT ON COLUMN public.sys_dict_data.dict_label IS '字典标签';


--
-- Name: COLUMN sys_dict_data.dict_value; Type: COMMENT; Schema: public; Owner: postgres
--

COMMENT ON COLUMN public.sys_dict_data.dict_value IS '字典键值';


--
-- Name: COLUMN sys_dict_data.dict_type; Type: COMMENT; Schema: public; Owner: postgres
--

COMMENT ON COLUMN public.sys_dict_data.dict_type IS '字典类型';


--
-- Name: COLUMN sys_dict_data.css_class; Type: COMMENT; Schema: public; Owner: postgres
--

COMMENT ON COLUMN public.sys_dict_data.css_class IS '样式属性（其他样式扩展）';


--
-- Name: COLUMN sys_dict_data.list_class; Type: COMMENT; Schema: public; Owner: postgres
--

COMMENT ON COLUMN public.sys_dict_data.list_class IS '表格回显样式';


--
-- Name: COLUMN sys_dict_data.is_default; Type: COMMENT; Schema: public; Owner: postgres
--

COMMENT ON COLUMN public.sys_dict_data.is_default IS '是否默认（Y是 N否）';


--
-- Name: COLUMN sys_dict_data.status; Type: COMMENT; Schema: public; Owner: postgres
--

COMMENT ON COLUMN public.sys_dict_data.status IS '状态（0正常 1停用）';


--
-- Name: COLUMN sys_dict_data.create_by; Type: COMMENT; Schema: public; Owner: postgres
--

COMMENT ON COLUMN public.sys_dict_data.create_by IS '创建者';


--
-- Name: COLUMN sys_dict_data.create_time; Type: COMMENT; Schema: public; Owner: postgres
--

COMMENT ON COLUMN public.sys_dict_data.create_time IS '创建时间';


--
-- Name: COLUMN sys_dict_data.update_by; Type: COMMENT; Schema: public; Owner: postgres
--

COMMENT ON COLUMN public.sys_dict_data.update_by IS '更新者';


--
-- Name: COLUMN sys_dict_data.update_time; Type: COMMENT; Schema: public; Owner: postgres
--

COMMENT ON COLUMN public.sys_dict_data.update_time IS '更新时间';


--
-- Name: COLUMN sys_dict_data.remark; Type: COMMENT; Schema: public; Owner: postgres
--

COMMENT ON COLUMN public.sys_dict_data.remark IS '备注';


--
-- Name: sys_dict_type_id_seq; Type: SEQUENCE; Schema: public; Owner: postgres
--

CREATE SEQUENCE public.sys_dict_type_id_seq
    START WITH 11
    INCREMENT BY 1
    NO MINVALUE
    NO MAXVALUE
    CACHE 1;


ALTER TABLE public.sys_dict_type_id_seq OWNER TO postgres;

--
-- Name: sys_dict_type; Type: TABLE; Schema: public; Owner: postgres
--

CREATE TABLE public.sys_dict_type (
    dict_id bigint DEFAULT nextval('public.sys_dict_type_id_seq'::regclass) NOT NULL,
    dict_name character varying(100),
    dict_type character varying(100),
    status character(1),
    create_by character varying(64),
    create_time timestamp without time zone,
    update_by character varying(64),
    update_time timestamp without time zone,
    remark character varying(500)
);


ALTER TABLE public.sys_dict_type OWNER TO postgres;

--
-- Name: TABLE sys_dict_type; Type: COMMENT; Schema: public; Owner: postgres
--

COMMENT ON TABLE public.sys_dict_type IS '字典类型表';


--
-- Name: COLUMN sys_dict_type.dict_id; Type: COMMENT; Schema: public; Owner: postgres
--

COMMENT ON COLUMN public.sys_dict_type.dict_id IS '字典主键';


--
-- Name: COLUMN sys_dict_type.dict_name; Type: COMMENT; Schema: public; Owner: postgres
--

COMMENT ON COLUMN public.sys_dict_type.dict_name IS '字典名称';


--
-- Name: COLUMN sys_dict_type.dict_type; Type: COMMENT; Schema: public; Owner: postgres
--

COMMENT ON COLUMN public.sys_dict_type.dict_type IS '字典类型';


--
-- Name: COLUMN sys_dict_type.status; Type: COMMENT; Schema: public; Owner: postgres
--

COMMENT ON COLUMN public.sys_dict_type.status IS '状态（0正常 1停用）';


--
-- Name: COLUMN sys_dict_type.create_by; Type: COMMENT; Schema: public; Owner: postgres
--

COMMENT ON COLUMN public.sys_dict_type.create_by IS '创建者';


--
-- Name: COLUMN sys_dict_type.create_time; Type: COMMENT; Schema: public; Owner: postgres
--

COMMENT ON COLUMN public.sys_dict_type.create_time IS '创建时间';


--
-- Name: COLUMN sys_dict_type.update_by; Type: COMMENT; Schema: public; Owner: postgres
--

COMMENT ON COLUMN public.sys_dict_type.update_by IS '更新者';


--
-- Name: COLUMN sys_dict_type.update_time; Type: COMMENT; Schema: public; Owner: postgres
--

COMMENT ON COLUMN public.sys_dict_type.update_time IS '更新时间';


--
-- Name: COLUMN sys_dict_type.remark; Type: COMMENT; Schema: public; Owner: postgres
--

COMMENT ON COLUMN public.sys_dict_type.remark IS '备注';


--
-- Name: sys_job; Type: TABLE; Schema: public; Owner: postgres
--

CREATE TABLE public.sys_job (
    job_id bigint NOT NULL,
    job_name character varying(64) NOT NULL,
    job_group character varying(64) NOT NULL,
    invoke_target character varying(500) NOT NULL,
    cron_expression character varying(255),
    misfire_policy character varying(20),
    concurrent character(1),
    status character(1),
    create_by character varying(64),
    create_time timestamp without time zone,
    update_by character varying(64),
    update_time timestamp without time zone,
    remark character varying(500)
);


ALTER TABLE public.sys_job OWNER TO postgres;

--
-- Name: TABLE sys_job; Type: COMMENT; Schema: public; Owner: postgres
--

COMMENT ON TABLE public.sys_job IS '定时任务调度表';


--
-- Name: COLUMN sys_job.job_id; Type: COMMENT; Schema: public; Owner: postgres
--

COMMENT ON COLUMN public.sys_job.job_id IS '任务ID';


--
-- Name: COLUMN sys_job.job_name; Type: COMMENT; Schema: public; Owner: postgres
--

COMMENT ON COLUMN public.sys_job.job_name IS '任务名称';


--
-- Name: COLUMN sys_job.job_group; Type: COMMENT; Schema: public; Owner: postgres
--

COMMENT ON COLUMN public.sys_job.job_group IS '任务组名';


--
-- Name: COLUMN sys_job.invoke_target; Type: COMMENT; Schema: public; Owner: postgres
--

COMMENT ON COLUMN public.sys_job.invoke_target IS '调用目标字符串';


--
-- Name: COLUMN sys_job.cron_expression; Type: COMMENT; Schema: public; Owner: postgres
--

COMMENT ON COLUMN public.sys_job.cron_expression IS 'cron执行表达式';


--
-- Name: COLUMN sys_job.misfire_policy; Type: COMMENT; Schema: public; Owner: postgres
--

COMMENT ON COLUMN public.sys_job.misfire_policy IS '计划执行错误策略（1立即执行 2执行一次 3放弃执行）';


--
-- Name: COLUMN sys_job.concurrent; Type: COMMENT; Schema: public; Owner: postgres
--

COMMENT ON COLUMN public.sys_job.concurrent IS '是否并发执行（0允许 1禁止）';


--
-- Name: COLUMN sys_job.status; Type: COMMENT; Schema: public; Owner: postgres
--

COMMENT ON COLUMN public.sys_job.status IS '状态（0正常 1暂停）';


--
-- Name: COLUMN sys_job.create_by; Type: COMMENT; Schema: public; Owner: postgres
--

COMMENT ON COLUMN public.sys_job.create_by IS '创建者';


--
-- Name: COLUMN sys_job.create_time; Type: COMMENT; Schema: public; Owner: postgres
--

COMMENT ON COLUMN public.sys_job.create_time IS '创建时间';


--
-- Name: COLUMN sys_job.update_by; Type: COMMENT; Schema: public; Owner: postgres
--

COMMENT ON COLUMN public.sys_job.update_by IS '更新者';


--
-- Name: COLUMN sys_job.update_time; Type: COMMENT; Schema: public; Owner: postgres
--

COMMENT ON COLUMN public.sys_job.update_time IS '更新时间';


--
-- Name: COLUMN sys_job.remark; Type: COMMENT; Schema: public; Owner: postgres
--

COMMENT ON COLUMN public.sys_job.remark IS '备注信息';


--
-- Name: sys_job_id_seq; Type: SEQUENCE; Schema: public; Owner: postgres
--

CREATE SEQUENCE public.sys_job_id_seq
    START WITH 4
    INCREMENT BY 1
    NO MINVALUE
    NO MAXVALUE
    CACHE 1;


ALTER TABLE public.sys_job_id_seq OWNER TO postgres;

--
-- Name: sys_job_id_seq; Type: SEQUENCE OWNED BY; Schema: public; Owner: postgres
--

ALTER SEQUENCE public.sys_job_id_seq OWNED BY public.sys_job.job_id;


--
-- Name: sys_job_log; Type: TABLE; Schema: public; Owner: postgres
--

CREATE TABLE public.sys_job_log (
    job_log_id bigint NOT NULL,
    job_name character varying(64) NOT NULL,
    job_group character varying(64) NOT NULL,
    invoke_target character varying(500) NOT NULL,
    job_message character varying(500),
    status character(1),
    exception_info character varying(2000),
    create_time timestamp without time zone
);


ALTER TABLE public.sys_job_log OWNER TO postgres;

--
-- Name: TABLE sys_job_log; Type: COMMENT; Schema: public; Owner: postgres
--

COMMENT ON TABLE public.sys_job_log IS '定时任务调度日志表';


--
-- Name: COLUMN sys_job_log.job_log_id; Type: COMMENT; Schema: public; Owner: postgres
--

COMMENT ON COLUMN public.sys_job_log.job_log_id IS '任务日志ID';


--
-- Name: COLUMN sys_job_log.job_name; Type: COMMENT; Schema: public; Owner: postgres
--

COMMENT ON COLUMN public.sys_job_log.job_name IS '任务名称';


--
-- Name: COLUMN sys_job_log.job_group; Type: COMMENT; Schema: public; Owner: postgres
--

COMMENT ON COLUMN public.sys_job_log.job_group IS '任务组名';


--
-- Name: COLUMN sys_job_log.invoke_target; Type: COMMENT; Schema: public; Owner: postgres
--

COMMENT ON COLUMN public.sys_job_log.invoke_target IS '调用目标字符串';


--
-- Name: COLUMN sys_job_log.job_message; Type: COMMENT; Schema: public; Owner: postgres
--

COMMENT ON COLUMN public.sys_job_log.job_message IS '日志信息';


--
-- Name: COLUMN sys_job_log.status; Type: COMMENT; Schema: public; Owner: postgres
--

COMMENT ON COLUMN public.sys_job_log.status IS '执行状态（0正常 1失败）';


--
-- Name: COLUMN sys_job_log.exception_info; Type: COMMENT; Schema: public; Owner: postgres
--

COMMENT ON COLUMN public.sys_job_log.exception_info IS '异常信息';


--
-- Name: COLUMN sys_job_log.create_time; Type: COMMENT; Schema: public; Owner: postgres
--

COMMENT ON COLUMN public.sys_job_log.create_time IS '创建时间';


--
-- Name: sys_logininfor_id_seq; Type: SEQUENCE; Schema: public; Owner: postgres
--

CREATE SEQUENCE public.sys_logininfor_id_seq
    START WITH 1
    INCREMENT BY 1
    NO MINVALUE
    NO MAXVALUE
    CACHE 1;


ALTER TABLE public.sys_logininfor_id_seq OWNER TO postgres;

--
-- Name: sys_logininfor; Type: TABLE; Schema: public; Owner: postgres
--

CREATE TABLE public.sys_logininfor (
    info_id bigint DEFAULT nextval('public.sys_logininfor_id_seq'::regclass) NOT NULL,
    user_name character varying(50),
    ipaddr character varying(128),
    login_location character varying(255),
    browser character varying(50),
    os character varying(50),
    status character(1),
    msg character varying(255),
    login_time timestamp without time zone
);


ALTER TABLE public.sys_logininfor OWNER TO postgres;

--
-- Name: TABLE sys_logininfor; Type: COMMENT; Schema: public; Owner: postgres
--

COMMENT ON TABLE public.sys_logininfor IS '系统访问记录';


--
-- Name: COLUMN sys_logininfor.info_id; Type: COMMENT; Schema: public; Owner: postgres
--

COMMENT ON COLUMN public.sys_logininfor.info_id IS '访问ID';


--
-- Name: COLUMN sys_logininfor.user_name; Type: COMMENT; Schema: public; Owner: postgres
--

COMMENT ON COLUMN public.sys_logininfor.user_name IS '用户账号';


--
-- Name: COLUMN sys_logininfor.ipaddr; Type: COMMENT; Schema: public; Owner: postgres
--

COMMENT ON COLUMN public.sys_logininfor.ipaddr IS '登录IP地址';


--
-- Name: COLUMN sys_logininfor.login_location; Type: COMMENT; Schema: public; Owner: postgres
--

COMMENT ON COLUMN public.sys_logininfor.login_location IS '登录地点';


--
-- Name: COLUMN sys_logininfor.browser; Type: COMMENT; Schema: public; Owner: postgres
--

COMMENT ON COLUMN public.sys_logininfor.browser IS '浏览器类型';


--
-- Name: COLUMN sys_logininfor.os; Type: COMMENT; Schema: public; Owner: postgres
--

COMMENT ON COLUMN public.sys_logininfor.os IS '操作系统';


--
-- Name: COLUMN sys_logininfor.status; Type: COMMENT; Schema: public; Owner: postgres
--

COMMENT ON COLUMN public.sys_logininfor.status IS '登录状态（0成功 1失败）';


--
-- Name: COLUMN sys_logininfor.msg; Type: COMMENT; Schema: public; Owner: postgres
--

COMMENT ON COLUMN public.sys_logininfor.msg IS '提示消息';


--
-- Name: COLUMN sys_logininfor.login_time; Type: COMMENT; Schema: public; Owner: postgres
--

COMMENT ON COLUMN public.sys_logininfor.login_time IS '访问时间';


--
-- Name: sys_menu; Type: TABLE; Schema: public; Owner: postgres
--

CREATE TABLE public.sys_menu (
    menu_id bigint NOT NULL,
    menu_name character varying(50) NOT NULL,
    parent_id bigint,
    order_num integer,
    path character varying(200),
    component character varying(255),
    query character varying(255),
    is_frame character(1),
    is_cache character(1),
    menu_type character(1),
    visible character(1),
    status character(1),
    perms character varying(100),
    icon character varying(100),
    create_by character varying(64),
    create_time timestamp without time zone,
    update_by character varying(64),
    update_time timestamp without time zone,
    remark character varying(500)
);


ALTER TABLE public.sys_menu OWNER TO postgres;

--
-- Name: TABLE sys_menu; Type: COMMENT; Schema: public; Owner: postgres
--

COMMENT ON TABLE public.sys_menu IS '菜单权限表';


--
-- Name: COLUMN sys_menu.menu_id; Type: COMMENT; Schema: public; Owner: postgres
--

COMMENT ON COLUMN public.sys_menu.menu_id IS '菜单ID';


--
-- Name: COLUMN sys_menu.menu_name; Type: COMMENT; Schema: public; Owner: postgres
--

COMMENT ON COLUMN public.sys_menu.menu_name IS '菜单名称';


--
-- Name: COLUMN sys_menu.parent_id; Type: COMMENT; Schema: public; Owner: postgres
--

COMMENT ON COLUMN public.sys_menu.parent_id IS '父菜单ID';


--
-- Name: COLUMN sys_menu.order_num; Type: COMMENT; Schema: public; Owner: postgres
--

COMMENT ON COLUMN public.sys_menu.order_num IS '显示顺序';


--
-- Name: COLUMN sys_menu.path; Type: COMMENT; Schema: public; Owner: postgres
--

COMMENT ON COLUMN public.sys_menu.path IS '路由地址';


--
-- Name: COLUMN sys_menu.component; Type: COMMENT; Schema: public; Owner: postgres
--

COMMENT ON COLUMN public.sys_menu.component IS '组件路径';


--
-- Name: COLUMN sys_menu.query; Type: COMMENT; Schema: public; Owner: postgres
--

COMMENT ON COLUMN public.sys_menu.query IS '路由参数';


--
-- Name: COLUMN sys_menu.is_frame; Type: COMMENT; Schema: public; Owner: postgres
--

COMMENT ON COLUMN public.sys_menu.is_frame IS '是否为外链（0是 1否）';


--
-- Name: COLUMN sys_menu.is_cache; Type: COMMENT; Schema: public; Owner: postgres
--

COMMENT ON COLUMN public.sys_menu.is_cache IS '是否缓存（0缓存 1不缓存）';


--
-- Name: COLUMN sys_menu.menu_type; Type: COMMENT; Schema: public; Owner: postgres
--

COMMENT ON COLUMN public.sys_menu.menu_type IS '菜单类型（M目录 C菜单 F按钮）';


--
-- Name: COLUMN sys_menu.visible; Type: COMMENT; Schema: public; Owner: postgres
--

COMMENT ON COLUMN public.sys_menu.visible IS '菜单状态（0显示 1隐藏）';


--
-- Name: COLUMN sys_menu.status; Type: COMMENT; Schema: public; Owner: postgres
--

COMMENT ON COLUMN public.sys_menu.status IS '菜单状态（0正常 1停用）';


--
-- Name: COLUMN sys_menu.perms; Type: COMMENT; Schema: public; Owner: postgres
--

COMMENT ON COLUMN public.sys_menu.perms IS '权限标识';


--
-- Name: COLUMN sys_menu.icon; Type: COMMENT; Schema: public; Owner: postgres
--

COMMENT ON COLUMN public.sys_menu.icon IS '菜单图标';


--
-- Name: COLUMN sys_menu.create_by; Type: COMMENT; Schema: public; Owner: postgres
--

COMMENT ON COLUMN public.sys_menu.create_by IS '创建者';


--
-- Name: COLUMN sys_menu.create_time; Type: COMMENT; Schema: public; Owner: postgres
--

COMMENT ON COLUMN public.sys_menu.create_time IS '创建时间';


--
-- Name: COLUMN sys_menu.update_by; Type: COMMENT; Schema: public; Owner: postgres
--

COMMENT ON COLUMN public.sys_menu.update_by IS '更新者';


--
-- Name: COLUMN sys_menu.update_time; Type: COMMENT; Schema: public; Owner: postgres
--

COMMENT ON COLUMN public.sys_menu.update_time IS '更新时间';


--
-- Name: COLUMN sys_menu.remark; Type: COMMENT; Schema: public; Owner: postgres
--

COMMENT ON COLUMN public.sys_menu.remark IS '备注';


--
-- Name: sys_menu_id_seq; Type: SEQUENCE; Schema: public; Owner: postgres
--

CREATE SEQUENCE public.sys_menu_id_seq
    START WITH 1
    INCREMENT BY 1
    NO MINVALUE
    NO MAXVALUE
    CACHE 1;


ALTER TABLE public.sys_menu_id_seq OWNER TO postgres;

--
-- Name: sys_menu_id_seq; Type: SEQUENCE OWNED BY; Schema: public; Owner: postgres
--

ALTER SEQUENCE public.sys_menu_id_seq OWNED BY public.sys_menu.menu_id;


--
-- Name: sys_notice; Type: TABLE; Schema: public; Owner: postgres
--

CREATE TABLE public.sys_notice (
    notice_id integer NOT NULL,
    notice_title character varying(50) NOT NULL,
    notice_type character(1) NOT NULL,
    notice_content bytea,
    status character(1),
    create_by character varying(64),
    create_time timestamp without time zone,
    update_by character varying(64),
    update_time timestamp without time zone,
    remark character varying(255)
);


ALTER TABLE public.sys_notice OWNER TO postgres;

--
-- Name: TABLE sys_notice; Type: COMMENT; Schema: public; Owner: postgres
--

COMMENT ON TABLE public.sys_notice IS '通知公告表';


--
-- Name: COLUMN sys_notice.notice_id; Type: COMMENT; Schema: public; Owner: postgres
--

COMMENT ON COLUMN public.sys_notice.notice_id IS '公告ID';


--
-- Name: COLUMN sys_notice.notice_title; Type: COMMENT; Schema: public; Owner: postgres
--

COMMENT ON COLUMN public.sys_notice.notice_title IS '公告标题';


--
-- Name: COLUMN sys_notice.notice_type; Type: COMMENT; Schema: public; Owner: postgres
--

COMMENT ON COLUMN public.sys_notice.notice_type IS '公告类型（1通知 2公告）';


--
-- Name: COLUMN sys_notice.notice_content; Type: COMMENT; Schema: public; Owner: postgres
--

COMMENT ON COLUMN public.sys_notice.notice_content IS '公告内容';


--
-- Name: COLUMN sys_notice.status; Type: COMMENT; Schema: public; Owner: postgres
--

COMMENT ON COLUMN public.sys_notice.status IS '公告状态（0正常 1关闭）';


--
-- Name: COLUMN sys_notice.create_by; Type: COMMENT; Schema: public; Owner: postgres
--

COMMENT ON COLUMN public.sys_notice.create_by IS '创建者';


--
-- Name: COLUMN sys_notice.create_time; Type: COMMENT; Schema: public; Owner: postgres
--

COMMENT ON COLUMN public.sys_notice.create_time IS '创建时间';


--
-- Name: COLUMN sys_notice.update_by; Type: COMMENT; Schema: public; Owner: postgres
--

COMMENT ON COLUMN public.sys_notice.update_by IS '更新者';


--
-- Name: COLUMN sys_notice.update_time; Type: COMMENT; Schema: public; Owner: postgres
--

COMMENT ON COLUMN public.sys_notice.update_time IS '更新时间';


--
-- Name: COLUMN sys_notice.remark; Type: COMMENT; Schema: public; Owner: postgres
--

COMMENT ON COLUMN public.sys_notice.remark IS '备注';


--
-- Name: sys_oper_log_id_seq; Type: SEQUENCE; Schema: public; Owner: postgres
--

CREATE SEQUENCE public.sys_oper_log_id_seq
    START WITH 1
    INCREMENT BY 1
    NO MINVALUE
    NO MAXVALUE
    CACHE 1;


ALTER TABLE public.sys_oper_log_id_seq OWNER TO postgres;

--
-- Name: sys_oper_log; Type: TABLE; Schema: public; Owner: postgres
--

CREATE TABLE public.sys_oper_log (
    oper_id bigint DEFAULT nextval('public.sys_oper_log_id_seq'::regclass) NOT NULL,
    title character varying(50),
    business_type integer,
    method character varying(100),
    request_method character varying(10),
    operator_type integer,
    oper_name character varying(50),
    dept_name character varying(50),
    oper_url character varying(255),
    oper_ip character varying(128),
    oper_location character varying(255),
    oper_param character varying(2000),
    json_result character varying(2000),
    status integer,
    error_msg character varying(2000),
    oper_time timestamp without time zone,
    cost_time bigint
);


ALTER TABLE public.sys_oper_log OWNER TO postgres;

--
-- Name: TABLE sys_oper_log; Type: COMMENT; Schema: public; Owner: postgres
--

COMMENT ON TABLE public.sys_oper_log IS '操作日志记录';


--
-- Name: COLUMN sys_oper_log.oper_id; Type: COMMENT; Schema: public; Owner: postgres
--

COMMENT ON COLUMN public.sys_oper_log.oper_id IS '日志主键';


--
-- Name: COLUMN sys_oper_log.title; Type: COMMENT; Schema: public; Owner: postgres
--

COMMENT ON COLUMN public.sys_oper_log.title IS '模块标题';


--
-- Name: COLUMN sys_oper_log.business_type; Type: COMMENT; Schema: public; Owner: postgres
--

COMMENT ON COLUMN public.sys_oper_log.business_type IS '业务类型（0其它 1新增 2修改 3删除）';


--
-- Name: COLUMN sys_oper_log.method; Type: COMMENT; Schema: public; Owner: postgres
--

COMMENT ON COLUMN public.sys_oper_log.method IS '方法名称';


--
-- Name: COLUMN sys_oper_log.request_method; Type: COMMENT; Schema: public; Owner: postgres
--

COMMENT ON COLUMN public.sys_oper_log.request_method IS '请求方式';


--
-- Name: COLUMN sys_oper_log.operator_type; Type: COMMENT; Schema: public; Owner: postgres
--

COMMENT ON COLUMN public.sys_oper_log.operator_type IS '操作类别（0其它 1后台用户 2手机端用户）';


--
-- Name: COLUMN sys_oper_log.oper_name; Type: COMMENT; Schema: public; Owner: postgres
--

COMMENT ON COLUMN public.sys_oper_log.oper_name IS '操作人员';


--
-- Name: COLUMN sys_oper_log.dept_name; Type: COMMENT; Schema: public; Owner: postgres
--

COMMENT ON COLUMN public.sys_oper_log.dept_name IS '部门名称';


--
-- Name: COLUMN sys_oper_log.oper_url; Type: COMMENT; Schema: public; Owner: postgres
--

COMMENT ON COLUMN public.sys_oper_log.oper_url IS '请求URL';


--
-- Name: COLUMN sys_oper_log.oper_ip; Type: COMMENT; Schema: public; Owner: postgres
--

COMMENT ON COLUMN public.sys_oper_log.oper_ip IS '主机地址';


--
-- Name: COLUMN sys_oper_log.oper_location; Type: COMMENT; Schema: public; Owner: postgres
--

COMMENT ON COLUMN public.sys_oper_log.oper_location IS '操作地点';


--
-- Name: COLUMN sys_oper_log.oper_param; Type: COMMENT; Schema: public; Owner: postgres
--

COMMENT ON COLUMN public.sys_oper_log.oper_param IS '请求参数';


--
-- Name: COLUMN sys_oper_log.json_result; Type: COMMENT; Schema: public; Owner: postgres
--

COMMENT ON COLUMN public.sys_oper_log.json_result IS '返回参数';


--
-- Name: COLUMN sys_oper_log.status; Type: COMMENT; Schema: public; Owner: postgres
--

COMMENT ON COLUMN public.sys_oper_log.status IS '操作状态（0正常 1异常）';


--
-- Name: COLUMN sys_oper_log.error_msg; Type: COMMENT; Schema: public; Owner: postgres
--

COMMENT ON COLUMN public.sys_oper_log.error_msg IS '错误消息';


--
-- Name: COLUMN sys_oper_log.oper_time; Type: COMMENT; Schema: public; Owner: postgres
--

COMMENT ON COLUMN public.sys_oper_log.oper_time IS '操作时间';


--
-- Name: COLUMN sys_oper_log.cost_time; Type: COMMENT; Schema: public; Owner: postgres
--

COMMENT ON COLUMN public.sys_oper_log.cost_time IS '消耗时间';


--
-- Name: sys_post_id_seq; Type: SEQUENCE; Schema: public; Owner: postgres
--

CREATE SEQUENCE public.sys_post_id_seq
    START WITH 5
    INCREMENT BY 1
    NO MINVALUE
    NO MAXVALUE
    CACHE 1;


ALTER TABLE public.sys_post_id_seq OWNER TO postgres;

--
-- Name: sys_post; Type: TABLE; Schema: public; Owner: postgres
--

CREATE TABLE public.sys_post (
    post_id bigint DEFAULT nextval('public.sys_post_id_seq'::regclass) NOT NULL,
    post_code character varying(64) NOT NULL,
    post_name character varying(50) NOT NULL,
    post_sort integer NOT NULL,
    status character(1) NOT NULL,
    create_by character varying(64),
    create_time timestamp without time zone,
    update_by character varying(64),
    update_time timestamp without time zone,
    remark character varying(500)
);


ALTER TABLE public.sys_post OWNER TO postgres;

--
-- Name: TABLE sys_post; Type: COMMENT; Schema: public; Owner: postgres
--

COMMENT ON TABLE public.sys_post IS '岗位信息表';


--
-- Name: COLUMN sys_post.post_id; Type: COMMENT; Schema: public; Owner: postgres
--

COMMENT ON COLUMN public.sys_post.post_id IS '岗位ID';


--
-- Name: COLUMN sys_post.post_code; Type: COMMENT; Schema: public; Owner: postgres
--

COMMENT ON COLUMN public.sys_post.post_code IS '岗位编码';


--
-- Name: COLUMN sys_post.post_name; Type: COMMENT; Schema: public; Owner: postgres
--

COMMENT ON COLUMN public.sys_post.post_name IS '岗位名称';


--
-- Name: COLUMN sys_post.post_sort; Type: COMMENT; Schema: public; Owner: postgres
--

COMMENT ON COLUMN public.sys_post.post_sort IS '显示顺序';


--
-- Name: COLUMN sys_post.status; Type: COMMENT; Schema: public; Owner: postgres
--

COMMENT ON COLUMN public.sys_post.status IS '状态（0正常 1停用）';


--
-- Name: COLUMN sys_post.create_by; Type: COMMENT; Schema: public; Owner: postgres
--

COMMENT ON COLUMN public.sys_post.create_by IS '创建者';


--
-- Name: COLUMN sys_post.create_time; Type: COMMENT; Schema: public; Owner: postgres
--

COMMENT ON COLUMN public.sys_post.create_time IS '创建时间';


--
-- Name: COLUMN sys_post.update_by; Type: COMMENT; Schema: public; Owner: postgres
--

COMMENT ON COLUMN public.sys_post.update_by IS '更新者';


--
-- Name: COLUMN sys_post.update_time; Type: COMMENT; Schema: public; Owner: postgres
--

COMMENT ON COLUMN public.sys_post.update_time IS '更新时间';


--
-- Name: COLUMN sys_post.remark; Type: COMMENT; Schema: public; Owner: postgres
--

COMMENT ON COLUMN public.sys_post.remark IS '备注';


--
-- Name: sys_role; Type: TABLE; Schema: public; Owner: postgres
--

CREATE TABLE public.sys_role (
    role_id bigint NOT NULL,
    role_name character varying(30) NOT NULL,
    role_key character varying(100) NOT NULL,
    role_sort integer NOT NULL,
    data_scope character(1),
    menu_check_strictly smallint,
    dept_check_strictly smallint,
    status character(1) NOT NULL,
    del_flag character(1),
    create_by character varying(64),
    create_time timestamp without time zone,
    update_by character varying(64),
    update_time timestamp without time zone,
    remark character varying(500)
);


ALTER TABLE public.sys_role OWNER TO postgres;

--
-- Name: TABLE sys_role; Type: COMMENT; Schema: public; Owner: postgres
--

COMMENT ON TABLE public.sys_role IS '角色信息表';


--
-- Name: COLUMN sys_role.role_id; Type: COMMENT; Schema: public; Owner: postgres
--

COMMENT ON COLUMN public.sys_role.role_id IS '角色ID';


--
-- Name: COLUMN sys_role.role_name; Type: COMMENT; Schema: public; Owner: postgres
--

COMMENT ON COLUMN public.sys_role.role_name IS '角色名称';


--
-- Name: COLUMN sys_role.role_key; Type: COMMENT; Schema: public; Owner: postgres
--

COMMENT ON COLUMN public.sys_role.role_key IS '角色权限字符串';


--
-- Name: COLUMN sys_role.role_sort; Type: COMMENT; Schema: public; Owner: postgres
--

COMMENT ON COLUMN public.sys_role.role_sort IS '显示顺序';


--
-- Name: COLUMN sys_role.data_scope; Type: COMMENT; Schema: public; Owner: postgres
--

COMMENT ON COLUMN public.sys_role.data_scope IS '数据范围（1：全部数据权限 2：自定数据权限 3：本部门数据权限 4：本部门及以下数据权限）';


--
-- Name: COLUMN sys_role.menu_check_strictly; Type: COMMENT; Schema: public; Owner: postgres
--

COMMENT ON COLUMN public.sys_role.menu_check_strictly IS '菜单树选择项是否关联显示';


--
-- Name: COLUMN sys_role.dept_check_strictly; Type: COMMENT; Schema: public; Owner: postgres
--

COMMENT ON COLUMN public.sys_role.dept_check_strictly IS '部门树选择项是否关联显示';


--
-- Name: COLUMN sys_role.status; Type: COMMENT; Schema: public; Owner: postgres
--

COMMENT ON COLUMN public.sys_role.status IS '角色状态（0正常 1停用）';


--
-- Name: COLUMN sys_role.del_flag; Type: COMMENT; Schema: public; Owner: postgres
--

COMMENT ON COLUMN public.sys_role.del_flag IS '删除标志（0代表存在 2代表删除）';


--
-- Name: COLUMN sys_role.create_by; Type: COMMENT; Schema: public; Owner: postgres
--

COMMENT ON COLUMN public.sys_role.create_by IS '创建者';


--
-- Name: COLUMN sys_role.create_time; Type: COMMENT; Schema: public; Owner: postgres
--

COMMENT ON COLUMN public.sys_role.create_time IS '创建时间';


--
-- Name: COLUMN sys_role.update_by; Type: COMMENT; Schema: public; Owner: postgres
--

COMMENT ON COLUMN public.sys_role.update_by IS '更新者';


--
-- Name: COLUMN sys_role.update_time; Type: COMMENT; Schema: public; Owner: postgres
--

COMMENT ON COLUMN public.sys_role.update_time IS '更新时间';


--
-- Name: COLUMN sys_role.remark; Type: COMMENT; Schema: public; Owner: postgres
--

COMMENT ON COLUMN public.sys_role.remark IS '备注';


--
-- Name: sys_role_dept; Type: TABLE; Schema: public; Owner: postgres
--

CREATE TABLE public.sys_role_dept (
    role_id bigint NOT NULL,
    dept_id bigint NOT NULL
);


ALTER TABLE public.sys_role_dept OWNER TO postgres;

--
-- Name: TABLE sys_role_dept; Type: COMMENT; Schema: public; Owner: postgres
--

COMMENT ON TABLE public.sys_role_dept IS '角色和部门关联表';


--
-- Name: COLUMN sys_role_dept.role_id; Type: COMMENT; Schema: public; Owner: postgres
--

COMMENT ON COLUMN public.sys_role_dept.role_id IS '角色ID';


--
-- Name: COLUMN sys_role_dept.dept_id; Type: COMMENT; Schema: public; Owner: postgres
--

COMMENT ON COLUMN public.sys_role_dept.dept_id IS '部门ID';


--
-- Name: sys_role_id_seq; Type: SEQUENCE; Schema: public; Owner: postgres
--

CREATE SEQUENCE public.sys_role_id_seq
    START WITH 1
    INCREMENT BY 1
    NO MINVALUE
    NO MAXVALUE
    CACHE 1;


ALTER TABLE public.sys_role_id_seq OWNER TO postgres;

--
-- Name: sys_role_id_seq; Type: SEQUENCE OWNED BY; Schema: public; Owner: postgres
--

ALTER SEQUENCE public.sys_role_id_seq OWNED BY public.sys_role.role_id;


--
-- Name: sys_role_menu; Type: TABLE; Schema: public; Owner: postgres
--

CREATE TABLE public.sys_role_menu (
    role_id bigint NOT NULL,
    menu_id bigint NOT NULL
);


ALTER TABLE public.sys_role_menu OWNER TO postgres;

--
-- Name: TABLE sys_role_menu; Type: COMMENT; Schema: public; Owner: postgres
--

COMMENT ON TABLE public.sys_role_menu IS '角色和菜单关联表';


--
-- Name: COLUMN sys_role_menu.role_id; Type: COMMENT; Schema: public; Owner: postgres
--

COMMENT ON COLUMN public.sys_role_menu.role_id IS '角色ID';


--
-- Name: COLUMN sys_role_menu.menu_id; Type: COMMENT; Schema: public; Owner: postgres
--

COMMENT ON COLUMN public.sys_role_menu.menu_id IS '菜单ID';


--
-- Name: sys_user; Type: TABLE; Schema: public; Owner: postgres
--

CREATE TABLE public.sys_user (
    user_id bigint NOT NULL,
    dept_id bigint,
    user_name character varying(30) NOT NULL,
    nick_name character varying(30) NOT NULL,
    user_type character varying(2),
    email character varying(50),
    phonenumber character varying(11),
    sex character(1),
    avatar character varying(100),
    password character varying(100),
    status character(1),
    del_flag character(1),
    login_ip character varying(128),
    login_date timestamp without time zone,
    create_by character varying(64),
    create_time timestamp without time zone,
    update_by character varying(64),
    update_time timestamp without time zone,
    remark character varying(500)
);


ALTER TABLE public.sys_user OWNER TO postgres;

--
-- Name: TABLE sys_user; Type: COMMENT; Schema: public; Owner: postgres
--

COMMENT ON TABLE public.sys_user IS '用户信息表';


--
-- Name: COLUMN sys_user.user_id; Type: COMMENT; Schema: public; Owner: postgres
--

COMMENT ON COLUMN public.sys_user.user_id IS '用户ID';


--
-- Name: COLUMN sys_user.dept_id; Type: COMMENT; Schema: public; Owner: postgres
--

COMMENT ON COLUMN public.sys_user.dept_id IS '部门ID';


--
-- Name: COLUMN sys_user.user_name; Type: COMMENT; Schema: public; Owner: postgres
--

COMMENT ON COLUMN public.sys_user.user_name IS '用户账号';


--
-- Name: COLUMN sys_user.nick_name; Type: COMMENT; Schema: public; Owner: postgres
--

COMMENT ON COLUMN public.sys_user.nick_name IS '用户昵称';


--
-- Name: COLUMN sys_user.user_type; Type: COMMENT; Schema: public; Owner: postgres
--

COMMENT ON COLUMN public.sys_user.user_type IS '用户类型（00系统用户）';


--
-- Name: COLUMN sys_user.email; Type: COMMENT; Schema: public; Owner: postgres
--

COMMENT ON COLUMN public.sys_user.email IS '用户邮箱';


--
-- Name: COLUMN sys_user.phonenumber; Type: COMMENT; Schema: public; Owner: postgres
--

COMMENT ON COLUMN public.sys_user.phonenumber IS '手机号码';


--
-- Name: COLUMN sys_user.sex; Type: COMMENT; Schema: public; Owner: postgres
--

COMMENT ON COLUMN public.sys_user.sex IS '用户性别（0男 1女 2未知）';


--
-- Name: COLUMN sys_user.avatar; Type: COMMENT; Schema: public; Owner: postgres
--

COMMENT ON COLUMN public.sys_user.avatar IS '头像地址';


--
-- Name: COLUMN sys_user.password; Type: COMMENT; Schema: public; Owner: postgres
--

COMMENT ON COLUMN public.sys_user.password IS '密码';


--
-- Name: COLUMN sys_user.status; Type: COMMENT; Schema: public; Owner: postgres
--

COMMENT ON COLUMN public.sys_user.status IS '帐号状态（0正常 1停用）';


--
-- Name: COLUMN sys_user.del_flag; Type: COMMENT; Schema: public; Owner: postgres
--

COMMENT ON COLUMN public.sys_user.del_flag IS '删除标志（0代表存在 2代表删除）';


--
-- Name: COLUMN sys_user.login_ip; Type: COMMENT; Schema: public; Owner: postgres
--

COMMENT ON COLUMN public.sys_user.login_ip IS '最后登录IP';


--
-- Name: COLUMN sys_user.login_date; Type: COMMENT; Schema: public; Owner: postgres
--

COMMENT ON COLUMN public.sys_user.login_date IS '最后登录时间';


--
-- Name: COLUMN sys_user.create_by; Type: COMMENT; Schema: public; Owner: postgres
--

COMMENT ON COLUMN public.sys_user.create_by IS '创建者';


--
-- Name: COLUMN sys_user.create_time; Type: COMMENT; Schema: public; Owner: postgres
--

COMMENT ON COLUMN public.sys_user.create_time IS '创建时间';


--
-- Name: COLUMN sys_user.update_by; Type: COMMENT; Schema: public; Owner: postgres
--

COMMENT ON COLUMN public.sys_user.update_by IS '更新者';


--
-- Name: COLUMN sys_user.update_time; Type: COMMENT; Schema: public; Owner: postgres
--

COMMENT ON COLUMN public.sys_user.update_time IS '更新时间';


--
-- Name: COLUMN sys_user.remark; Type: COMMENT; Schema: public; Owner: postgres
--

COMMENT ON COLUMN public.sys_user.remark IS '备注';


--
-- Name: sys_user_id_seq; Type: SEQUENCE; Schema: public; Owner: postgres
--

CREATE SEQUENCE public.sys_user_id_seq
    START WITH 1
    INCREMENT BY 1
    NO MINVALUE
    NO MAXVALUE
    CACHE 1;


ALTER TABLE public.sys_user_id_seq OWNER TO postgres;

--
-- Name: sys_user_id_seq; Type: SEQUENCE OWNED BY; Schema: public; Owner: postgres
--

ALTER SEQUENCE public.sys_user_id_seq OWNED BY public.sys_user.user_id;


--
-- Name: sys_user_post; Type: TABLE; Schema: public; Owner: postgres
--

CREATE TABLE public.sys_user_post (
    user_id bigint NOT NULL,
    post_id bigint NOT NULL
);


ALTER TABLE public.sys_user_post OWNER TO postgres;

--
-- Name: TABLE sys_user_post; Type: COMMENT; Schema: public; Owner: postgres
--

COMMENT ON TABLE public.sys_user_post IS '用户与岗位关联表';


--
-- Name: COLUMN sys_user_post.user_id; Type: COMMENT; Schema: public; Owner: postgres
--

COMMENT ON COLUMN public.sys_user_post.user_id IS '用户ID';


--
-- Name: COLUMN sys_user_post.post_id; Type: COMMENT; Schema: public; Owner: postgres
--

COMMENT ON COLUMN public.sys_user_post.post_id IS '岗位ID';


--
-- Name: sys_user_role; Type: TABLE; Schema: public; Owner: postgres
--

CREATE TABLE public.sys_user_role (
    user_id bigint NOT NULL,
    role_id bigint NOT NULL
);


ALTER TABLE public.sys_user_role OWNER TO postgres;

--
-- Name: TABLE sys_user_role; Type: COMMENT; Schema: public; Owner: postgres
--

COMMENT ON TABLE public.sys_user_role IS '用户和角色关联表';


--
-- Name: COLUMN sys_user_role.user_id; Type: COMMENT; Schema: public; Owner: postgres
--

COMMENT ON COLUMN public.sys_user_role.user_id IS '用户ID';


--
-- Name: COLUMN sys_user_role.role_id; Type: COMMENT; Schema: public; Owner: postgres
--

COMMENT ON COLUMN public.sys_user_role.role_id IS '角色ID';


--
-- Data for Name: gen_table; Type: TABLE DATA; Schema: public; Owner: postgres
--

COPY public.gen_table (table_id, table_name, table_comment, sub_table_name, sub_table_fk_name, class_name, tpl_category, package_name, module_name, business_name, function_name, function_author, gen_type, gen_path, options, create_by, create_time, update_by, update_time, remark) FROM stdin;
22	pill_drug	药品信息			PillDrug	crud	com.atlas.system	system	drug	药品信息	atlas	\N	\N	{}	admin	2023-04-27 13:33:09.30398	\N	2023-04-27 13:49:15.991973	\N
\.


--
-- Data for Name: gen_table_column; Type: TABLE DATA; Schema: public; Owner: postgres
--

COPY public.gen_table_column (column_id, table_id, column_name, column_comment, column_type, java_type, java_field, is_pk, is_increment, is_required, is_insert, is_edit, is_list, is_query, query_type, html_type, dict_type, sort, create_by, create_time, update_by, update_time) FROM stdin;
160	22	update_time	更新时间	timestamp without time zone	String	updateTime	0	0	\N	1	1	\N	\N	EQ	\N	\N	16	admin	2023-04-27 13:33:09.30398	\N	2023-04-27 13:49:15.991973
161	22	remark	备注	character varying(500)	String	remark	0	0	\N	1	1	1	\N	EQ	\N	\N	17	admin	2023-04-27 13:33:09.30398	\N	2023-04-27 13:49:15.991973
145	22	drug_id	药品ID	bigint	Long	drugId	1	1	\N	1	\N	\N	\N	EQ	input	\N	1	admin	2023-04-27 13:33:09.30398	\N	2023-04-27 13:49:15.991973
146	22	drug_name	药品名称	character varying(50)	String	drugName	0	0	\N	1	1	1	1	LIKE	\N	\N	2	admin	2023-04-27 13:33:09.30398	\N	2023-04-27 13:49:15.991973
147	22	drug_code	药品编码	character varying(50)	String	drugCode	0	0	\N	1	1	1	1	EQ	\N	\N	3	admin	2023-04-27 13:33:09.30398	\N	2023-04-27 13:49:15.991973
148	22	factory_id	生产厂家	bigint	Long	factoryId	0	0	\N	1	1	1	1	EQ	input	\N	4	admin	2023-04-27 13:33:09.30398	\N	2023-04-27 13:49:15.991973
149	22	drug_type	药品类型	character(1)	String	drugType	0	0	\N	1	1	1	1	EQ	select	\N	5	admin	2023-04-27 13:33:09.30398	\N	2023-04-27 13:49:15.991973
150	22	prescription_type	处方类型	character(1)	String	prescriptionType	0	0	\N	1	1	1	1	EQ	select	\N	6	admin	2023-04-27 13:33:09.30398	\N	2023-04-27 13:49:15.991973
151	22	unit	单位	character varying(10)	String	unit	0	0	\N	1	1	1	1	EQ	\N	\N	7	admin	2023-04-27 13:33:09.30398	\N	2023-04-27 13:49:15.991973
152	22	price	价格	integer	Long	price	0	0	\N	1	1	1	1	EQ	input	\N	8	admin	2023-04-27 13:33:09.30398	\N	2023-04-27 13:49:15.991973
153	22	num	库存量	integer	Long	num	0	0	\N	1	1	1	1	EQ	input	\N	9	admin	2023-04-27 13:33:09.30398	\N	2023-04-27 13:49:15.991973
154	22	warn_value	预警值	integer	Long	warnValue	0	0	\N	1	1	1	1	EQ	input	\N	10	admin	2023-04-27 13:33:09.30398	\N	2023-04-27 13:49:15.991973
155	22	conversion	换算量	integer	Long	conversion	0	0	\N	1	1	1	1	EQ	input	\N	11	admin	2023-04-27 13:33:09.30398	\N	2023-04-27 13:49:15.991973
156	22	status	状态	character(1)	String	status	0	0	\N	1	1	1	1	EQ	radio	\N	12	admin	2023-04-27 13:33:09.30398	\N	2023-04-27 13:49:15.991973
157	22	create_by	创建者	character varying(50)	String	createBy	0	0	\N	1	\N	\N	\N	EQ	\N	\N	13	admin	2023-04-27 13:33:09.30398	\N	2023-04-27 13:49:15.991973
158	22	create_time	创建时间	timestamp without time zone	String	createTime	0	0	\N	1	\N	\N	\N	EQ	\N	\N	14	admin	2023-04-27 13:33:09.30398	\N	2023-04-27 13:49:15.991973
159	22	update_by	更新者	character varying(50)	String	updateBy	0	0	\N	1	1	\N	\N	EQ	\N	\N	15	admin	2023-04-27 13:33:09.30398	\N	2023-04-27 13:49:15.991973
\.


--
-- Data for Name: pill_drug; Type: TABLE DATA; Schema: public; Owner: postgres
--

COPY public.pill_drug (drug_id, drug_name, drug_code, factory_id, drug_type, prescription_type, unit, price, num, warn_value, conversion, status, create_by, create_time, update_by, update_time, remark) FROM stdin;
101	十全大补丸	dbw0001	101	0	0	瓶	200	100	50	1	0	admin	2022-08-27 16:03:29	\N	\N	\N
102	阿莫西林	zcy0002	102	1	1	盒	15	300	50	1	0	admin	2022-09-15 16:03:29	\N	\N	\N
\.


--
-- Data for Name: pill_factory; Type: TABLE DATA; Schema: public; Owner: postgres
--

COPY public.pill_factory (factory_id, factory_name, factory_code, contact, phone, keyword, status, create_by, create_time, update_by, update_time, remark) FROM stdin;
101	云南白药集团股份有限公司	000011	admin	023-88887777	ynby	0	admin	2022-09-26 16:15:29	\N	\N	\N
102	哈药集团股份有限公司	000022	admin	023-88887777	hyjt	0	admin	2022-09-26 16:15:29	admin	2022-09-26 20:34:01	\N
103	太极集团有限公司	000033	admin	023-88887777	tjjt	0	admin	2022-09-26 16:15:29	\N	\N	\N
104	上海医药集团有限公司	000033	admin	023-99998888	shyy	0	admin	2022-09-26 20:12:57	\N	\N	\N
\.


--
-- Data for Name: pointcloud_formats; Type: TABLE DATA; Schema: public; Owner: postgres
--

COPY public.pointcloud_formats (pcid, srid, schema) FROM stdin;
\.


--
-- Data for Name: qrtz_blob_triggers; Type: TABLE DATA; Schema: public; Owner: postgres
--

COPY public.qrtz_blob_triggers (sched_name, trigger_name, trigger_group, blob_data) FROM stdin;
\.


--
-- Data for Name: qrtz_calendars; Type: TABLE DATA; Schema: public; Owner: postgres
--

COPY public.qrtz_calendars (sched_name, calendar_name, calendar) FROM stdin;
\.


--
-- Data for Name: qrtz_cron_triggers; Type: TABLE DATA; Schema: public; Owner: postgres
--

COPY public.qrtz_cron_triggers (sched_name, trigger_name, trigger_group, cron_expression, time_zone_id) FROM stdin;
\.


--
-- Data for Name: qrtz_fired_triggers; Type: TABLE DATA; Schema: public; Owner: postgres
--

COPY public.qrtz_fired_triggers (sched_name, entry_id, trigger_name, trigger_group, instance_name, fired_time, sched_time, priority, state, job_name, job_group, is_nonconcurrent, requests_recovery) FROM stdin;
\.


--
-- Data for Name: qrtz_job_details; Type: TABLE DATA; Schema: public; Owner: postgres
--

COPY public.qrtz_job_details (sched_name, job_name, job_group, description, job_class_name, is_durable, is_nonconcurrent, is_update_data, requests_recovery, job_data) FROM stdin;
\.


--
-- Data for Name: qrtz_locks; Type: TABLE DATA; Schema: public; Owner: postgres
--

COPY public.qrtz_locks (sched_name, lock_name) FROM stdin;
\.


--
-- Data for Name: qrtz_paused_trigger_grps; Type: TABLE DATA; Schema: public; Owner: postgres
--

COPY public.qrtz_paused_trigger_grps (sched_name, trigger_group) FROM stdin;
\.


--
-- Data for Name: qrtz_scheduler_state; Type: TABLE DATA; Schema: public; Owner: postgres
--

COPY public.qrtz_scheduler_state (sched_name, instance_name, last_checkin_time, checkin_interval) FROM stdin;
\.


--
-- Data for Name: qrtz_simple_triggers; Type: TABLE DATA; Schema: public; Owner: postgres
--

COPY public.qrtz_simple_triggers (sched_name, trigger_name, trigger_group, repeat_count, repeat_interval, times_triggered) FROM stdin;
\.


--
-- Data for Name: qrtz_simprop_triggers; Type: TABLE DATA; Schema: public; Owner: postgres
--

COPY public.qrtz_simprop_triggers (sched_name, trigger_name, trigger_group, str_prop_1, str_prop_2, str_prop_3, int_prop_1, int_prop_2, long_prop_1, long_prop_2, dec_prop_1, dec_prop_2, bool_prop_1, bool_prop_2) FROM stdin;
\.


--
-- Data for Name: qrtz_triggers; Type: TABLE DATA; Schema: public; Owner: postgres
--

COPY public.qrtz_triggers (sched_name, trigger_name, trigger_group, job_name, job_group, description, next_fire_time, prev_fire_time, priority, trigger_state, trigger_type, start_time, end_time, calendar_name, misfire_instr, job_data) FROM stdin;
\.


--
-- Data for Name: spatial_ref_sys; Type: TABLE DATA; Schema: public; Owner: postgres
--

COPY public.spatial_ref_sys (srid, auth_name, auth_srid, srtext, proj4text) FROM stdin;
\.


--
-- Data for Name: sys_config; Type: TABLE DATA; Schema: public; Owner: postgres
--

COPY public.sys_config (config_id, config_name, config_key, config_value, config_type, create_by, create_time, update_by, update_time, remark) FROM stdin;
1	主框架页-默认皮肤样式名称	sys.index.skinName	skin-blue	Y	admin	2023-04-26 11:17:10		\N	蓝色 skin-blue、绿色 skin-green、紫色 skin-purple、红色 skin-red、黄色 skin-yellow
2	用户管理-账号初始密码	sys.user.initPassword	123456	Y	admin	2023-04-26 11:17:10		\N	初始化密码 123456
3	主框架页-侧边栏主题	sys.index.sideTheme	theme-dark	Y	admin	2023-04-26 11:17:10		\N	深色主题theme-dark，浅色主题theme-light
4	账号自助-验证码开关	sys.account.captchaEnabled	true	Y	admin	2023-04-26 11:17:10		\N	是否开启验证码功能（true开启，false关闭）
5	账号自助-是否开启用户注册功能	sys.account.registerUser	false	Y	admin	2023-04-26 11:17:10		\N	是否开启注册用户功能（true开启，false关闭）
6	用户登录-黑名单列表	sys.login.blackIPList	1	Y	admin	2023-04-26 11:17:10	admin	2023-04-27 10:00:28.300639	设置登录IP黑名单限制，多个匹配项以;分隔，支持匹配（*通配、网段）
\.


--
-- Data for Name: sys_dept; Type: TABLE DATA; Schema: public; Owner: postgres
--

COPY public.sys_dept (dept_id, parent_id, ancestors, dept_name, order_num, leader, phone, email, status, del_flag, create_by, create_time, update_by, update_time) FROM stdin;
102	100	0,100	长沙分公司	2	若依	15888888888	ry@qq.com	0	0	admin	2023-04-26 11:17:09		\N
104	101	0,100,101	市场部门	2	若依	15888888888	ry@qq.com	0	0	admin	2023-04-26 11:17:09		\N
105	101	0,100,101	测试部门	3	若依	15888888888	ry@qq.com	0	0	admin	2023-04-26 11:17:09		\N
106	101	0,100,101	财务部门	4	若依	15888888888	ry@qq.com	0	0	admin	2023-04-26 11:17:09		\N
107	101	0,100,101	运维部门	5	若依	15888888888	ry@qq.com	0	0	admin	2023-04-26 11:17:09		\N
108	102	0,100,102	市场部门	1	若依	15888888888	ry@qq.com	0	0	admin	2023-04-26 11:17:09		\N
109	102	0,100,102	财务部门	2	若依	15888888888	ry@qq.com	0	0	admin	2023-04-26 11:17:09		\N
103	101	0,100,101	研发部门	6	若依	15888888888	ry@qq.com	0	0	admin	2023-04-26 11:17:09	admin	2023-04-27 09:50:07.422963
100	0	0	若依科技	0	若依	15888888888	ry@qq.com	0	0	admin	2023-04-26 11:17:09		\N
101	100	0,100	深圳总公司	1	若依	15888888888	ry@qq.com	0	0	admin	2023-04-26 11:17:09		\N
\.


--
-- Data for Name: sys_dict_data; Type: TABLE DATA; Schema: public; Owner: postgres
--

COPY public.sys_dict_data (dict_code, dict_sort, dict_label, dict_value, dict_type, css_class, list_class, is_default, status, create_by, create_time, update_by, update_time, remark) FROM stdin;
1	1	男	0	sys_user_sex			Y	0	admin	2023-04-26 11:17:10		\N	性别男
2	2	女	1	sys_user_sex			N	0	admin	2023-04-26 11:17:10		\N	性别女
3	3	未知	2	sys_user_sex			N	0	admin	2023-04-26 11:17:10		\N	性别未知
4	1	显示	0	sys_show_hide		primary	Y	0	admin	2023-04-26 11:17:10		\N	显示菜单
5	2	隐藏	1	sys_show_hide		danger	N	0	admin	2023-04-26 11:17:10		\N	隐藏菜单
6	1	正常	0	sys_normal_disable		primary	Y	0	admin	2023-04-26 11:17:10		\N	正常状态
7	2	停用	1	sys_normal_disable		danger	N	0	admin	2023-04-26 11:17:10		\N	停用状态
8	1	正常	0	sys_job_status		primary	Y	0	admin	2023-04-26 11:17:10		\N	正常状态
9	2	暂停	1	sys_job_status		danger	N	0	admin	2023-04-26 11:17:10		\N	停用状态
10	1	默认	DEFAULT	sys_job_group			Y	0	admin	2023-04-26 11:17:10		\N	默认分组
11	2	系统	SYSTEM	sys_job_group			N	0	admin	2023-04-26 11:17:10		\N	系统分组
12	1	是	Y	sys_yes_no		primary	Y	0	admin	2023-04-26 11:17:10		\N	系统默认是
13	2	否	N	sys_yes_no		danger	N	0	admin	2023-04-26 11:17:10		\N	系统默认否
14	1	通知	1	sys_notice_type		warning	Y	0	admin	2023-04-26 11:17:10		\N	通知
15	2	公告	2	sys_notice_type		success	N	0	admin	2023-04-26 11:17:10		\N	公告
16	1	正常	0	sys_notice_status		primary	Y	0	admin	2023-04-26 11:17:10		\N	正常状态
17	2	关闭	1	sys_notice_status		danger	N	0	admin	2023-04-26 11:17:10		\N	关闭状态
18	99	其他	0	sys_oper_type		info	N	0	admin	2023-04-26 11:17:10		\N	其他操作
19	1	新增	1	sys_oper_type		info	N	0	admin	2023-04-26 11:17:10		\N	新增操作
20	2	修改	2	sys_oper_type		info	N	0	admin	2023-04-26 11:17:10		\N	修改操作
21	3	删除	3	sys_oper_type		danger	N	0	admin	2023-04-26 11:17:10		\N	删除操作
22	4	授权	4	sys_oper_type		primary	N	0	admin	2023-04-26 11:17:10		\N	授权操作
23	5	导出	5	sys_oper_type		warning	N	0	admin	2023-04-26 11:17:10		\N	导出操作
24	6	导入	6	sys_oper_type		warning	N	0	admin	2023-04-26 11:17:10		\N	导入操作
25	7	强退	7	sys_oper_type		danger	N	0	admin	2023-04-26 11:17:10		\N	强退操作
26	8	生成代码	8	sys_oper_type		warning	N	0	admin	2023-04-26 11:17:10		\N	生成操作
27	9	清空数据	9	sys_oper_type		danger	N	0	admin	2023-04-26 11:17:10		\N	清空操作
28	1	成功	0	sys_common_status		primary	N	0	admin	2023-04-26 11:17:10		\N	正常状态
29	2	失败	1	sys_common_status		danger	N	0	admin	2023-04-26 11:17:10		\N	停用状态
\.


--
-- Data for Name: sys_dict_type; Type: TABLE DATA; Schema: public; Owner: postgres
--

COPY public.sys_dict_type (dict_id, dict_name, dict_type, status, create_by, create_time, update_by, update_time, remark) FROM stdin;
1	用户性别	sys_user_sex	0	admin	2023-04-26 11:17:10		\N	用户性别列表
2	菜单状态	sys_show_hide	0	admin	2023-04-26 11:17:10		\N	菜单状态列表
3	系统开关	sys_normal_disable	0	admin	2023-04-26 11:17:10		\N	系统开关列表
4	任务状态	sys_job_status	0	admin	2023-04-26 11:17:10		\N	任务状态列表
5	任务分组	sys_job_group	0	admin	2023-04-26 11:17:10		\N	任务分组列表
6	系统是否	sys_yes_no	0	admin	2023-04-26 11:17:10		\N	系统是否列表
7	通知类型	sys_notice_type	0	admin	2023-04-26 11:17:10		\N	通知类型列表
8	通知状态	sys_notice_status	0	admin	2023-04-26 11:17:10		\N	通知状态列表
9	操作类型	sys_oper_type	0	admin	2023-04-26 11:17:10		\N	操作类型列表
10	系统状态	sys_common_status	0	admin	2023-04-26 11:17:10		\N	登录状态列表
\.


--
-- Data for Name: sys_job; Type: TABLE DATA; Schema: public; Owner: postgres
--

COPY public.sys_job (job_id, job_name, job_group, invoke_target, cron_expression, misfire_policy, concurrent, status, create_by, create_time, update_by, update_time, remark) FROM stdin;
1	系统默认（无参）	DEFAULT	ryTask.ryNoParams	0/10 * * * * ?	3	1	1	admin	2023-04-26 11:17:10		\N	
2	系统默认（有参）	DEFAULT	ryTask.ryParams('ry')	0/15 * * * * ?	3	1	1	admin	2023-04-26 11:17:10		\N	
3	系统默认（多参）	DEFAULT	ryTask.ryMultipleParams('ry', true, 2000L, 316.50D, 100)	0/20 * * * * ?	3	1	1	admin	2023-04-26 11:17:10		\N	
\.


--
-- Data for Name: sys_job_log; Type: TABLE DATA; Schema: public; Owner: postgres
--

COPY public.sys_job_log (job_log_id, job_name, job_group, invoke_target, job_message, status, exception_info, create_time) FROM stdin;
\.


--
-- Data for Name: sys_logininfor; Type: TABLE DATA; Schema: public; Owner: postgres
--

COPY public.sys_logininfor (info_id, user_name, ipaddr, login_location, browser, os, status, msg, login_time) FROM stdin;
1	admin	127.0.0.1	内网IP	Chrome 10	Windows 10	0	退出成功	2023-04-26 14:09:41.267015
2	admin	127.0.0.1	内网IP	Chrome 10	Windows 10	0	登录成功	2023-04-26 14:54:12.422968
3	admin	127.0.0.1	内网IP	Chrome 10	Windows 10	0	退出成功	2023-04-26 14:56:38.921945
4	admin	127.0.0.1	内网IP	Chrome 10	Windows 10	0	登录成功	2023-04-26 14:56:43.464614
5	admin	127.0.0.1	内网IP	Chrome 9	Windows 10	0	登录成功	2023-04-26 15:22:04.153344
6	admin	127.0.0.1	内网IP	Chrome 10	Windows 10	0	登录成功	2023-04-26 15:44:55.545198
7	admin	192.168.0.94	内网IP	Chrome 9	Windows 10	0	登录成功	2023-04-26 17:17:01.77274
8	admin	127.0.0.1	内网IP	Chrome 10	Windows 10	0	登录成功	2023-04-27 09:23:11.239404
9	admin	127.0.0.1	内网IP	Chrome 10	Windows 10	0	登录成功	2023-04-27 10:07:47.788683
10	admin	127.0.0.1	内网IP	Chrome 10	Windows 10	0	登录成功	2023-04-27 10:51:00.031578
11	admin	127.0.0.1	内网IP	Chrome 10	Windows 10	0	登录成功	2023-04-27 11:34:13.258093
12	admin	127.0.0.1	内网IP	Chrome 10	Windows 10	0	登录成功	2023-04-27 12:31:45.965949
13	admin	127.0.0.1	内网IP	Chrome 10	Windows 10	0	登录成功	2023-04-27 13:09:31.534221
14	admin	127.0.0.1	内网IP	Chrome 10	Windows 10	0	退出成功	2023-04-27 13:39:36.042383
15	admin	127.0.0.1	内网IP	Chrome 10	Windows 10	0	登录成功	2023-04-27 13:39:41.551191
\.


--
-- Data for Name: sys_menu; Type: TABLE DATA; Schema: public; Owner: postgres
--

COPY public.sys_menu (menu_id, menu_name, parent_id, order_num, path, component, query, is_frame, is_cache, menu_type, visible, status, perms, icon, create_by, create_time, update_by, update_time, remark) FROM stdin;
1	系统管理	0	1	system	\N		1	0	M	0	0		system	admin	2023-04-26 11:17:09		\N	系统管理目录
2	系统监控	0	2	monitor	\N		1	0	M	0	0		monitor	admin	2023-04-26 11:17:09		\N	系统监控目录
3	系统工具	0	3	tool	\N		1	0	M	0	0		tool	admin	2023-04-26 11:17:09		\N	系统工具目录
100	用户管理	1	1	user	system/user/index		1	0	C	0	0	system:user:list	user	admin	2023-04-26 11:17:09		\N	用户管理菜单
101	角色管理	1	2	role	system/role/index		1	0	C	0	0	system:role:list	peoples	admin	2023-04-26 11:17:09		\N	角色管理菜单
102	菜单管理	1	3	menu	system/menu/index		1	0	C	0	0	system:menu:list	tree-table	admin	2023-04-26 11:17:09		\N	菜单管理菜单
103	部门管理	1	4	dept	system/dept/index		1	0	C	0	0	system:dept:list	tree	admin	2023-04-26 11:17:09		\N	部门管理菜单
104	岗位管理	1	5	post	system/post/index		1	0	C	0	0	system:post:list	post	admin	2023-04-26 11:17:09		\N	岗位管理菜单
105	字典管理	1	6	dict	system/dict/index		1	0	C	0	0	system:dict:list	dict	admin	2023-04-26 11:17:09		\N	字典管理菜单
106	参数设置	1	7	config	system/config/index		1	0	C	0	0	system:config:list	edit	admin	2023-04-26 11:17:09		\N	参数设置菜单
107	通知公告	1	8	notice	system/notice/index		1	0	C	0	0	system:notice:list	message	admin	2023-04-26 11:17:09		\N	通知公告菜单
108	日志管理	1	9	log			1	0	M	0	0		log	admin	2023-04-26 11:17:09		\N	日志管理菜单
109	在线用户	2	1	online	monitor/online/index		1	0	C	0	0	monitor:online:list	online	admin	2023-04-26 11:17:09		\N	在线用户菜单
110	定时任务	2	2	job	monitor/job/index		1	0	C	0	0	monitor:job:list	job	admin	2023-04-26 11:17:09		\N	定时任务菜单
111	数据监控	2	3	druid	monitor/druid/index		1	0	C	0	0	monitor:druid:list	druid	admin	2023-04-26 11:17:09		\N	数据监控菜单
112	服务监控	2	4	server	monitor/server/index		1	0	C	0	0	monitor:server:list	server	admin	2023-04-26 11:17:09		\N	服务监控菜单
113	缓存监控	2	5	cache	monitor/cache/index		1	0	C	0	0	monitor:cache:list	redis	admin	2023-04-26 11:17:09		\N	缓存监控菜单
114	缓存列表	2	6	cacheList	monitor/cache/list		1	0	C	0	0	monitor:cache:list	redis-list	admin	2023-04-26 11:17:09		\N	缓存列表菜单
115	表单构建	3	1	build	tool/build/index		1	0	C	0	0	tool:build:list	build	admin	2023-04-26 11:17:09		\N	表单构建菜单
116	代码生成	3	2	gen	tool/gen/index		1	0	C	0	0	tool:gen:list	code	admin	2023-04-26 11:17:09		\N	代码生成菜单
117	系统接口	3	3	swagger	tool/swagger/index		1	0	C	0	0	tool:swagger:list	swagger	admin	2023-04-26 11:17:09		\N	系统接口菜单
500	操作日志	108	1	operlog	monitor/operlog/index		1	0	C	0	0	monitor:operlog:list	form	admin	2023-04-26 11:17:09		\N	操作日志菜单
501	登录日志	108	2	logininfor	monitor/logininfor/index		1	0	C	0	0	monitor:logininfor:list	logininfor	admin	2023-04-26 11:17:09		\N	登录日志菜单
1000	用户查询	100	1				1	0	F	0	0	system:user:query	#	admin	2023-04-26 11:17:09		\N	
1001	用户新增	100	2				1	0	F	0	0	system:user:add	#	admin	2023-04-26 11:17:09		\N	
1002	用户修改	100	3				1	0	F	0	0	system:user:edit	#	admin	2023-04-26 11:17:09		\N	
1003	用户删除	100	4				1	0	F	0	0	system:user:remove	#	admin	2023-04-26 11:17:09		\N	
1004	用户导出	100	5				1	0	F	0	0	system:user:export	#	admin	2023-04-26 11:17:09		\N	
1005	用户导入	100	6				1	0	F	0	0	system:user:import	#	admin	2023-04-26 11:17:09		\N	
1006	重置密码	100	7				1	0	F	0	0	system:user:resetPwd	#	admin	2023-04-26 11:17:09		\N	
1007	角色查询	101	1				1	0	F	0	0	system:role:query	#	admin	2023-04-26 11:17:09		\N	
1008	角色新增	101	2				1	0	F	0	0	system:role:add	#	admin	2023-04-26 11:17:09		\N	
1009	角色修改	101	3				1	0	F	0	0	system:role:edit	#	admin	2023-04-26 11:17:09		\N	
1010	角色删除	101	4				1	0	F	0	0	system:role:remove	#	admin	2023-04-26 11:17:09		\N	
1011	角色导出	101	5				1	0	F	0	0	system:role:export	#	admin	2023-04-26 11:17:09		\N	
1012	菜单查询	102	1				1	0	F	0	0	system:menu:query	#	admin	2023-04-26 11:17:09		\N	
1013	菜单新增	102	2				1	0	F	0	0	system:menu:add	#	admin	2023-04-26 11:17:09		\N	
1014	菜单修改	102	3				1	0	F	0	0	system:menu:edit	#	admin	2023-04-26 11:17:09		\N	
1015	菜单删除	102	4				1	0	F	0	0	system:menu:remove	#	admin	2023-04-26 11:17:09		\N	
1016	部门查询	103	1				1	0	F	0	0	system:dept:query	#	admin	2023-04-26 11:17:09		\N	
1017	部门新增	103	2				1	0	F	0	0	system:dept:add	#	admin	2023-04-26 11:17:09		\N	
1018	部门修改	103	3				1	0	F	0	0	system:dept:edit	#	admin	2023-04-26 11:17:09		\N	
1019	部门删除	103	4				1	0	F	0	0	system:dept:remove	#	admin	2023-04-26 11:17:09		\N	
1020	岗位查询	104	1				1	0	F	0	0	system:post:query	#	admin	2023-04-26 11:17:09		\N	
1021	岗位新增	104	2				1	0	F	0	0	system:post:add	#	admin	2023-04-26 11:17:09		\N	
1022	岗位修改	104	3				1	0	F	0	0	system:post:edit	#	admin	2023-04-26 11:17:09		\N	
1023	岗位删除	104	4				1	0	F	0	0	system:post:remove	#	admin	2023-04-26 11:17:09		\N	
1024	岗位导出	104	5				1	0	F	0	0	system:post:export	#	admin	2023-04-26 11:17:09		\N	
1025	字典查询	105	1	#			1	0	F	0	0	system:dict:query	#	admin	2023-04-26 11:17:09		\N	
1026	字典新增	105	2	#			1	0	F	0	0	system:dict:add	#	admin	2023-04-26 11:17:09		\N	
1027	字典修改	105	3	#			1	0	F	0	0	system:dict:edit	#	admin	2023-04-26 11:17:09		\N	
1028	字典删除	105	4	#			1	0	F	0	0	system:dict:remove	#	admin	2023-04-26 11:17:09		\N	
1029	字典导出	105	5	#			1	0	F	0	0	system:dict:export	#	admin	2023-04-26 11:17:09		\N	
1030	参数查询	106	1	#			1	0	F	0	0	system:config:query	#	admin	2023-04-26 11:17:09		\N	
1031	参数新增	106	2	#			1	0	F	0	0	system:config:add	#	admin	2023-04-26 11:17:09		\N	
1032	参数修改	106	3	#			1	0	F	0	0	system:config:edit	#	admin	2023-04-26 11:17:09		\N	
1033	参数删除	106	4	#			1	0	F	0	0	system:config:remove	#	admin	2023-04-26 11:17:09		\N	
1034	参数导出	106	5	#			1	0	F	0	0	system:config:export	#	admin	2023-04-26 11:17:09		\N	
1035	公告查询	107	1	#			1	0	F	0	0	system:notice:query	#	admin	2023-04-26 11:17:09		\N	
1036	公告新增	107	2	#			1	0	F	0	0	system:notice:add	#	admin	2023-04-26 11:17:09		\N	
1037	公告修改	107	3	#			1	0	F	0	0	system:notice:edit	#	admin	2023-04-26 11:17:09		\N	
1038	公告删除	107	4	#			1	0	F	0	0	system:notice:remove	#	admin	2023-04-26 11:17:09		\N	
1039	操作查询	500	1	#			1	0	F	0	0	monitor:operlog:query	#	admin	2023-04-26 11:17:09		\N	
1040	操作删除	500	2	#			1	0	F	0	0	monitor:operlog:remove	#	admin	2023-04-26 11:17:09		\N	
1041	日志导出	500	3	#			1	0	F	0	0	monitor:operlog:export	#	admin	2023-04-26 11:17:09		\N	
1042	登录查询	501	1	#			1	0	F	0	0	monitor:logininfor:query	#	admin	2023-04-26 11:17:09		\N	
1043	登录删除	501	2	#			1	0	F	0	0	monitor:logininfor:remove	#	admin	2023-04-26 11:17:09		\N	
1044	日志导出	501	3	#			1	0	F	0	0	monitor:logininfor:export	#	admin	2023-04-26 11:17:09		\N	
1045	账户解锁	501	4	#			1	0	F	0	0	monitor:logininfor:unlock	#	admin	2023-04-26 11:17:09		\N	
1046	在线查询	109	1	#			1	0	F	0	0	monitor:online:query	#	admin	2023-04-26 11:17:09		\N	
1047	批量强退	109	2	#			1	0	F	0	0	monitor:online:batchLogout	#	admin	2023-04-26 11:17:09		\N	
1048	单条强退	109	3	#			1	0	F	0	0	monitor:online:forceLogout	#	admin	2023-04-26 11:17:09		\N	
1049	任务查询	110	1	#			1	0	F	0	0	monitor:job:query	#	admin	2023-04-26 11:17:09		\N	
1050	任务新增	110	2	#			1	0	F	0	0	monitor:job:add	#	admin	2023-04-26 11:17:09		\N	
1051	任务修改	110	3	#			1	0	F	0	0	monitor:job:edit	#	admin	2023-04-26 11:17:09		\N	
1052	任务删除	110	4	#			1	0	F	0	0	monitor:job:remove	#	admin	2023-04-26 11:17:09		\N	
1053	状态修改	110	5	#			1	0	F	0	0	monitor:job:changeStatus	#	admin	2023-04-26 11:17:09		\N	
1054	任务导出	110	6	#			1	0	F	0	0	monitor:job:export	#	admin	2023-04-26 11:17:09		\N	
1055	生成查询	116	1	#			1	0	F	0	0	tool:gen:query	#	admin	2023-04-26 11:17:09		\N	
1056	生成修改	116	2	#			1	0	F	0	0	tool:gen:edit	#	admin	2023-04-26 11:17:09		\N	
1058	导入代码	116	4	#			1	0	F	0	0	tool:gen:import	#	admin	2023-04-26 11:17:09		\N	
1059	预览代码	116	5	#			1	0	F	0	0	tool:gen:preview	#	admin	2023-04-26 11:17:09		\N	
1060	生成代码	116	6	#			1	0	F	0	0	tool:gen:code	#	admin	2023-04-26 11:17:09		\N	
1057	生成删除	116	3	#			1	0	F	0	0	tool:gen:remove	#	admin	2023-04-26 11:17:09	admin	2023-04-27 09:49:51.109939	
\.


--
-- Data for Name: sys_notice; Type: TABLE DATA; Schema: public; Owner: postgres
--

COPY public.sys_notice (notice_id, notice_title, notice_type, notice_content, status, create_by, create_time, update_by, update_time, remark) FROM stdin;
1	温馨提醒：2018-07-01 若依新版本发布啦	2	\\xe696b0e78988e69cace58685e5aeb9	0	admin	2023-04-26 11:17:10		\N	管理员
2	维护通知：2018-07-01 若依系统凌晨维护	1	\\xe7bbb4e68aa4e58685e5aeb9	0	admin	2023-04-26 11:17:10		\N	管理员
\.


--
-- Data for Name: sys_oper_log; Type: TABLE DATA; Schema: public; Owner: postgres
--

COPY public.sys_oper_log (oper_id, title, business_type, method, request_method, operator_type, oper_name, dept_name, oper_url, oper_ip, oper_location, oper_param, json_result, status, error_msg, oper_time, cost_time) FROM stdin;
1	代码生成	6	com.atlas.generator.controller.GenController.importTableSave()	POST	1	admin	\N	/tool/gen/importTable	127.0.0.1	内网IP	{"tables":"sys_dept"}	{"msg":"操作成功","code":200}	0	\N	2023-04-26 13:59:05.457021	60
2	代码生成	3	com.atlas.generator.controller.GenController.remove()	DELETE	1	admin	\N	/tool/gen/1	127.0.0.1	内网IP	{}	{"msg":"操作成功","code":200}	0	\N	2023-04-26 14:01:17.825436	19
3	代码生成	6	com.atlas.generator.controller.GenController.importTableSave()	POST	1	admin	\N	/tool/gen/importTable	127.0.0.1	内网IP	{"tables":"sys_dept"}	{"msg":"操作成功","code":200}	0	\N	2023-04-26 14:01:22.991548	38
4	代码生成	3	com.atlas.generator.controller.GenController.remove()	DELETE	1	admin	\N	/tool/gen/2	127.0.0.1	内网IP	{}	{"msg":"操作成功","code":200}	0	\N	2023-04-26 14:04:50.387527	10
5	代码生成	6	com.atlas.generator.controller.GenController.importTableSave()	POST	1	admin	\N	/tool/gen/importTable	127.0.0.1	内网IP	{"tables":"sys_dept"}	{"msg":"操作成功","code":200}	0	\N	2023-04-26 14:05:08.318885	71
6	代码生成	3	com.atlas.generator.controller.GenController.remove()	DELETE	1	admin	\N	/tool/gen/3	127.0.0.1	内网IP	{}	{"msg":"操作成功","code":200}	0	\N	2023-04-26 14:54:29.174938	32
7	代码生成	6	com.atlas.generator.controller.GenController.importTableSave()	POST	1	admin	\N	/tool/gen/importTable	127.0.0.1	内网IP	{"tables":"sys_dept"}	{"msg":"操作成功","code":200}	0	\N	2023-04-26 14:54:33.648159	178
8	代码生成	3	com.atlas.generator.controller.GenController.remove()	DELETE	1	admin	\N	/tool/gen/4	127.0.0.1	内网IP	{}	{"msg":"操作成功","code":200}	0	\N	2023-04-26 14:56:50.275435	13
9	代码生成	6	com.atlas.generator.controller.GenController.importTableSave()	POST	1	admin	\N	/tool/gen/importTable	127.0.0.1	内网IP	{"tables":"sys_dept"}	{"msg":"操作成功","code":200}	0	\N	2023-04-26 14:56:54.160519	140
10	代码生成	8	com.atlas.generator.controller.GenController.batchGenCode()	GET	1	admin	\N	/tool/gen/batchGenCode	127.0.0.1	内网IP	{"tables":"sys_dept"}	\N	0	\N	2023-04-26 14:57:13.93052	154
11	代码生成	3	com.atlas.generator.controller.GenController.remove()	DELETE	1	admin	\N	/tool/gen/5	127.0.0.1	内网IP	{}	{"msg":"操作成功","code":200}	0	\N	2023-04-26 15:22:54.887433	77
12	代码生成	6	com.atlas.generator.controller.GenController.importTableSave()	POST	1	admin	\N	/tool/gen/importTable	127.0.0.1	内网IP	{"tables":"sys_dept"}	{"msg":"操作成功","code":200}	0	\N	2023-04-26 15:23:29.811891	131
13	代码生成	8	com.atlas.generator.controller.GenController.batchGenCode()	GET	1	admin	\N	/tool/gen/batchGenCode	127.0.0.1	内网IP	{"tables":"sys_dept"}	\N	0	\N	2023-04-26 15:26:16.608788	65
14	代码生成	6	com.atlas.generator.controller.GenController.importTableSave()	POST	1	admin	\N	/tool/gen/importTable	127.0.0.1	内网IP	{"tables":"pil_sy"}	{"msg":"操作成功","code":200}	0	\N	2023-04-26 15:51:44.936276	112
15	代码生成	2	com.atlas.generator.controller.GenController.synchDb()	GET	1	admin	\N	/tool/gen/synchDb/pil_sy	127.0.0.1	内网IP	{}	{"msg":"操作成功","code":200}	0	\N	2023-04-26 15:53:39.009344	43
16	代码生成	3	com.atlas.generator.controller.GenController.remove()	DELETE	1	admin	\N	/tool/gen/7,6	127.0.0.1	内网IP	{}	{"msg":"操作成功","code":200}	0	\N	2023-04-26 15:55:44.979692	7
17	代码生成	6	com.atlas.generator.controller.GenController.importTableSave()	POST	1	admin	\N	/tool/gen/importTable	127.0.0.1	内网IP	{"tables":"pil_sy"}	{"msg":"操作成功","code":200}	0	\N	2023-04-26 15:55:55.89607	71
18	代码生成	6	com.atlas.generator.controller.GenController.importTableSave()	POST	1	admin	\N	/tool/gen/importTable	127.0.0.1	内网IP	{"tables":"sys_post"}	{"msg":"操作成功","code":200}	0	\N	2023-04-26 15:56:22.14401	85
19	代码生成	3	com.atlas.generator.controller.GenController.remove()	DELETE	1	admin	\N	/tool/gen/8,9	127.0.0.1	内网IP	{}	{"msg":"操作成功","code":200}	0	\N	2023-04-26 15:58:54.079942	18
20	代码生成	6	com.atlas.generator.controller.GenController.importTableSave()	POST	1	admin	\N	/tool/gen/importTable	127.0.0.1	内网IP	{"tables":"pil_sy"}	{"msg":"操作成功","code":200}	0	\N	2023-04-26 15:59:11.407555	90
21	代码生成	2	com.atlas.generator.controller.GenController.synchDb()	GET	1	admin	\N	/tool/gen/synchDb/pil_sy	127.0.0.1	内网IP	{}	{"msg":"操作成功","code":200}	0	\N	2023-04-26 15:59:59.872988	32
22	代码生成	3	com.atlas.generator.controller.GenController.remove()	DELETE	1	admin	\N	/tool/gen/10	127.0.0.1	内网IP	{}	{"msg":"操作成功","code":200}	0	\N	2023-04-26 16:00:14.92811	10
23	代码生成	6	com.atlas.generator.controller.GenController.importTableSave()	POST	1	admin	\N	/tool/gen/importTable	127.0.0.1	内网IP	{"tables":"pil_sy"}	{"msg":"操作成功","code":200}	0	\N	2023-04-26 16:00:18.280747	42
24	代码生成	3	com.atlas.generator.controller.GenController.remove()	DELETE	1	admin	\N	/tool/gen/11	127.0.0.1	内网IP	{}	{"msg":"操作成功","code":200}	0	\N	2023-04-26 16:27:19.779546	36
25	菜单管理	3	com.atlas.web.controller.system.SysMenuController.remove()	DELETE	1	admin	\N	/system/menu/4	127.0.0.1	内网IP	{}	{"msg":"菜单已分配,不允许删除","code":601}	0	\N	2023-04-26 16:35:41.896641	14
26	角色管理	2	com.atlas.web.controller.system.SysRoleController.edit()	PUT	1	admin	\N	/system/role	127.0.0.1	内网IP	{"admin":false,"createTime":"2023-04-26 11:17:09","dataScope":"2","delFlag":"0","deptCheckStrictly":true,"flag":false,"menuCheckStrictly":true,"menuIds":[1,100,1000,1001,1002,1003,1004,1005,1006,101,1007,1008,1009,1010,1011,102,1012,1013,1014,1015,103,1016,1017,1018,1019,104,1020,1021,1022,1023,1024,105,1025,1026,1027,1028,1029,106,1030,1031,1032,1033,1034,107,1035,1036,1037,1038,108,500,1039,1040,1041,501,1042,1043,1044,1045,2,109,1046,1047,1048,110,1049,1050,1051,1052,1053,1054,111,112,113,114,3,115,116,1055,1056,1057,1058,1059,1060,117],"params":{},"remark":"普通角色","roleId":2,"roleKey":"common","roleName":"普通角色","roleSort":2,"status":"0","updateBy":"admin"}	\N	1	\r\n### Error updating database.  Cause: org.postgresql.util.PSQLException: 错误: 字段 "menu_check_strictly" 的类型为 smallint, 但表达式的类型为 boolean\n  建议：你需要重写或转换表达式\n  位置：127\r\n### The error may exist in file [G:\\workspace\\RuoYi-Vue-master\\atlas-Vue-master\\atlas-system\\target\\classes\\mapper\\system\\SysRoleMapper.xml]\r\n### The error may involve com.atlas.system.mapper.SysRoleMapper.updateRole-Inline\r\n### The error occurred while setting parameters\r\n### SQL: update sys_role     SET role_name = ?,     role_key = ?,     role_sort = ?,     data_scope = ?,     menu_check_strictly = ?,     dept_check_strictly = ?,     status = ?,     remark = ?,     update_by = ?,     update_time = now()     where role_id = ?\r\n### Cause: org.postgresql.util.PSQLException: 错误: 字段 "menu_check_strictly" 的类型为 smallint, 但表达式的类型为 boolean\n  建议：你需要重写或转换表达式\n  位置：127\n; bad SQL grammar []; nested exception is org.postgresql.util.PSQLException: 错误: 字段 "menu_check_strictly" 的类型为 smallint, 但表达式的类型为 boolean\n  建议：你需要重写或转换表达式\n  位置：127	2023-04-26 16:35:50.687043	77
27	角色管理	2	com.atlas.web.controller.system.SysRoleController.edit()	PUT	1	admin	\N	/system/role	127.0.0.1	内网IP	{"admin":false,"createTime":"2023-04-26 11:17:09","dataScope":"2","delFlag":"0","deptCheckStrictly":true,"flag":false,"menuCheckStrictly":true,"menuIds":[1,100,1000,1001,1002,1003,1004,1005,1006,101,1007,1008,1009,1010,1011,102,1012,1013,1014,1015,103,1016,1017,1018,1019,104,1020,1021,1022,1023,1024,105,1025,1026,1027,1028,1029,106,1030,1031,1032,1033,1034,107,1035,1036,1037,1038,108,500,1039,1040,1041,501,1042,1043,1044,1045,2,109,1046,1047,1048,110,1049,1050,1051,1052,1053,1054,111,112,113,114,3,115,116,1055,1056,1057,1058,1059,1060,117],"params":{},"remark":"普通角色","roleId":2,"roleKey":"common","roleName":"普通角色","roleSort":2,"status":"0","updateBy":"admin"}	\N	1	\r\n### Error updating database.  Cause: org.postgresql.util.PSQLException: 错误: 字段 "menu_check_strictly" 的类型为 smallint, 但表达式的类型为 boolean\n  建议：你需要重写或转换表达式\n  位置：127\r\n### The error may exist in file [G:\\workspace\\RuoYi-Vue-master\\atlas-Vue-master\\atlas-system\\target\\classes\\mapper\\system\\SysRoleMapper.xml]\r\n### The error may involve com.atlas.system.mapper.SysRoleMapper.updateRole-Inline\r\n### The error occurred while setting parameters\r\n### SQL: update sys_role     SET role_name = ?,     role_key = ?,     role_sort = ?,     data_scope = ?,     menu_check_strictly = ?,     dept_check_strictly = ?,     status = ?,     remark = ?,     update_by = ?,     update_time = now()     where role_id = ?\r\n### Cause: org.postgresql.util.PSQLException: 错误: 字段 "menu_check_strictly" 的类型为 smallint, 但表达式的类型为 boolean\n  建议：你需要重写或转换表达式\n  位置：127\n; bad SQL grammar []; nested exception is org.postgresql.util.PSQLException: 错误: 字段 "menu_check_strictly" 的类型为 smallint, 但表达式的类型为 boolean\n  建议：你需要重写或转换表达式\n  位置：127	2023-04-26 16:35:55.61429	16
28	角色管理	2	com.atlas.web.controller.system.SysRoleController.edit()	PUT	1	admin	\N	/system/role	127.0.0.1	内网IP	{"admin":false,"createTime":"2023-04-26 11:17:09","dataScope":"2","delFlag":"0","deptCheckStrictly":true,"flag":false,"menuCheckStrictly":true,"menuIds":[1,100,1000,1001,1002,1003,1004,1005,1006,101,1007,1008,1009,1010,1011,102,1012,1013,1014,1015,103,1016,1017,1018,1019,104,1020,1021,1022,1023,1024,105,1025,1026,1027,1028,1029,106,1030,1031,1032,1033,1034,107,1035,1036,1037,1038,108,500,1039,1040,1041,501,1042,1043,1044,1045,2,109,1046,1047,1048,110,1049,1050,1051,1052,1053,1054,111,112,113,114,3,115,116,1055,1056,1057,1058,1059,1060,117],"params":{},"remark":"普通角色","roleId":2,"roleKey":"common","roleName":"普通角色","roleSort":2,"status":"0","updateBy":"admin"}	\N	1	\r\n### Error updating database.  Cause: org.postgresql.util.PSQLException: 错误: 字段 "menu_check_strictly" 的类型为 smallint, 但表达式的类型为 boolean\n  建议：你需要重写或转换表达式\n  位置：127\r\n### The error may exist in file [G:\\workspace\\RuoYi-Vue-master\\atlas-Vue-master\\atlas-system\\target\\classes\\mapper\\system\\SysRoleMapper.xml]\r\n### The error may involve com.atlas.system.mapper.SysRoleMapper.updateRole-Inline\r\n### The error occurred while setting parameters\r\n### SQL: update sys_role     SET role_name = ?,     role_key = ?,     role_sort = ?,     data_scope = ?,     menu_check_strictly = ?,     dept_check_strictly = ?,     status = ?,     remark = ?,     update_by = ?,     update_time = now()     where role_id = ?\r\n### Cause: org.postgresql.util.PSQLException: 错误: 字段 "menu_check_strictly" 的类型为 smallint, 但表达式的类型为 boolean\n  建议：你需要重写或转换表达式\n  位置：127\n; bad SQL grammar []; nested exception is org.postgresql.util.PSQLException: 错误: 字段 "menu_check_strictly" 的类型为 smallint, 但表达式的类型为 boolean\n  建议：你需要重写或转换表达式\n  位置：127	2023-04-26 16:36:00.322844	12
29	角色管理	2	com.atlas.web.controller.system.SysRoleController.edit()	PUT	1	admin	\N	/system/role	127.0.0.1	内网IP	{"admin":false,"createTime":"2023-04-26 11:17:09","dataScope":"2","delFlag":"0","deptCheckStrictly":true,"flag":false,"menuCheckStrictly":true,"menuIds":[1,100,1000,1001,1002,1003,1004,1005,1006,101,1007,1008,1009,1010,1011,102,1012,1013,1014,1015,103,1016,1017,1018,1019,104,1020,1021,1022,1023,1024,105,1025,1026,1027,1028,1029,106,1030,1031,1032,1033,1034,107,1035,1036,1037,1038,108,500,1039,1040,1041,501,1042,1043,1044,1045,2,109,1046,1047,1048,110,1049,1050,1051,1052,1053,1054,111,112,113,114,3,115,116,1055,1056,1057,1058,1059,1060,117],"params":{},"remark":"普通角色","roleId":2,"roleKey":"common","roleName":"普通角色","roleSort":2,"status":"0","updateBy":"admin"}	\N	1	\r\n### Error updating database.  Cause: org.postgresql.util.PSQLException: 错误: 字段 "menu_check_strictly" 的类型为 smallint, 但表达式的类型为 boolean\n  建议：你需要重写或转换表达式\n  位置：127\r\n### The error may exist in file [G:\\workspace\\RuoYi-Vue-master\\atlas-Vue-master\\atlas-system\\target\\classes\\mapper\\system\\SysRoleMapper.xml]\r\n### The error may involve com.atlas.system.mapper.SysRoleMapper.updateRole-Inline\r\n### The error occurred while setting parameters\r\n### SQL: update sys_role     SET role_name = ?,     role_key = ?,     role_sort = ?,     data_scope = ?,     menu_check_strictly = ?,     dept_check_strictly = ?,     status = ?,     remark = ?,     update_by = ?,     update_time = now()     where role_id = ?\r\n### Cause: org.postgresql.util.PSQLException: 错误: 字段 "menu_check_strictly" 的类型为 smallint, 但表达式的类型为 boolean\n  建议：你需要重写或转换表达式\n  位置：127\n; bad SQL grammar []; nested exception is org.postgresql.util.PSQLException: 错误: 字段 "menu_check_strictly" 的类型为 smallint, 但表达式的类型为 boolean\n  建议：你需要重写或转换表达式\n  位置：127	2023-04-26 16:38:57.955395	8
30	角色管理	2	com.atlas.web.controller.system.SysRoleController.edit()	PUT	1	admin	\N	/system/role	127.0.0.1	内网IP	{"admin":false,"createTime":"2023-04-26 11:17:09","dataScope":"2","delFlag":"0","deptCheckStrictly":true,"flag":false,"menuCheckStrictly":true,"menuIds":[1,100,1000,1001,1002,1003,1004,1005,1006,101,1007,1008,1009,1010,1011,102,1012,1013,1014,1015,103,1016,1017,1018,1019,104,1020,1021,1022,1023,1024,105,1025,1026,1027,1028,1029,106,1030,1031,1032,1033,1034,107,1035,1036,1037,1038,108,500,1039,1040,1041,501,1042,1043,1044,1045,2,109,1046,1047,1048,110,1049,1050,1051,1052,1053,1054,111,112,113,114,3,115,116,1055,1056,1057,1058,1059,1060,117],"params":{},"remark":"普通角色","roleId":2,"roleKey":"common","roleName":"普通角色","roleSort":2,"status":"0","updateBy":"admin"}	\N	1	\r\n### Error updating database.  Cause: org.postgresql.util.PSQLException: 错误: 字段 "menu_check_strictly" 的类型为 smallint, 但表达式的类型为 boolean\n  建议：你需要重写或转换表达式\n  位置：127\r\n### The error may exist in file [G:\\workspace\\RuoYi-Vue-master\\atlas-Vue-master\\atlas-system\\target\\classes\\mapper\\system\\SysRoleMapper.xml]\r\n### The error may involve com.atlas.system.mapper.SysRoleMapper.updateRole-Inline\r\n### The error occurred while setting parameters\r\n### SQL: update sys_role     SET role_name = ?,     role_key = ?,     role_sort = ?,     data_scope = ?,     menu_check_strictly = ?,     dept_check_strictly = ?,     status = ?,     remark = ?,     update_by = ?,     update_time = now()     where role_id = ?\r\n### Cause: org.postgresql.util.PSQLException: 错误: 字段 "menu_check_strictly" 的类型为 smallint, 但表达式的类型为 boolean\n  建议：你需要重写或转换表达式\n  位置：127\n; bad SQL grammar []; nested exception is org.postgresql.util.PSQLException: 错误: 字段 "menu_check_strictly" 的类型为 smallint, 但表达式的类型为 boolean\n  建议：你需要重写或转换表达式\n  位置：127	2023-04-26 16:39:12.809579	43
31	角色管理	2	com.atlas.web.controller.system.SysRoleController.edit()	PUT	1	admin	\N	/system/role	127.0.0.1	内网IP	{"admin":false,"createTime":"2023-04-26 11:17:09","dataScope":"2","delFlag":"0","deptCheckStrictly":true,"flag":false,"menuCheckStrictly":true,"menuIds":[1,100,1000,1001,1002,1003,1004,1005,1006,101,1007,1008,1009,1010,1011,102,1012,1013,1014,1015,103,1016,1017,1018,1019,104,1020,1021,1022,1023,1024,105,1025,1026,1027,1028,1029,106,1030,1031,1032,1033,1034,107,1035,1036,1037,1038,108,500,1039,1040,1041,501,1042,1043,1044,1045,2,109,1046,1047,1048,110,1049,1050,1051,1052,1053,1054,111,112,113,114,3,115,116,1055,1056,1057,1058,1059,1060,117],"params":{},"remark":"普通角色","roleId":2,"roleKey":"common","roleName":"普通角色","roleSort":2,"status":"0","updateBy":"admin"}	\N	1	\r\n### Error updating database.  Cause: org.postgresql.util.PSQLException: 错误: 字段 "menu_check_strictly" 的类型为 smallint, 但表达式的类型为 boolean\n  建议：你需要重写或转换表达式\n  位置：127\r\n### The error may exist in file [G:\\workspace\\RuoYi-Vue-master\\atlas-Vue-master\\atlas-system\\target\\classes\\mapper\\system\\SysRoleMapper.xml]\r\n### The error may involve com.atlas.system.mapper.SysRoleMapper.updateRole-Inline\r\n### The error occurred while setting parameters\r\n### SQL: update sys_role     SET role_name = ?,     role_key = ?,     role_sort = ?,     data_scope = ?,     menu_check_strictly = ?,     dept_check_strictly = ?,     status = ?,     remark = ?,     update_by = ?,     update_time = now()     where role_id = ?\r\n### Cause: org.postgresql.util.PSQLException: 错误: 字段 "menu_check_strictly" 的类型为 smallint, 但表达式的类型为 boolean\n  建议：你需要重写或转换表达式\n  位置：127\n; bad SQL grammar []; nested exception is org.postgresql.util.PSQLException: 错误: 字段 "menu_check_strictly" 的类型为 smallint, 但表达式的类型为 boolean\n  建议：你需要重写或转换表达式\n  位置：127	2023-04-26 16:40:19.099113	48499
32	角色管理	2	com.atlas.web.controller.system.SysRoleController.edit()	PUT	1	admin	\N	/system/role	127.0.0.1	内网IP	{"admin":false,"createTime":"2023-04-26 11:17:09","dataScope":"2","delFlag":"0","deptCheckStrictly":true,"flag":false,"menuCheckStrictly":true,"menuIds":[1,100,1000,1001,1002,1003,1004,1005,1006,101,1007,1008,1009,1010,1011,102,1012,1013,1014,1015,103,1016,1017,1018,1019,104,1020,1021,1022,1023,1024,105,1025,1026,1027,1028,1029,106,1030,1031,1032,1033,1034,107,1035,1036,1037,1038,108,500,1039,1040,1041,501,1042,1043,1044,1045,2,109,1046,1047,1048,110,1049,1050,1051,1052,1053,1054,111,112,113,114,3,115,116,1055,1056,1057,1058,1059,1060,117],"params":{},"remark":"普通角色","roleId":2,"roleKey":"common","roleName":"普通角色","roleSort":2,"status":"0","updateBy":"admin"}	\N	1	\r\n### Error updating database.  Cause: org.postgresql.util.PSQLException: 错误: 字段 "menu_check_strictly" 的类型为 smallint, 但表达式的类型为 boolean\n  建议：你需要重写或转换表达式\n  位置：127\r\n### The error may exist in file [G:\\workspace\\RuoYi-Vue-master\\atlas-Vue-master\\atlas-system\\target\\classes\\mapper\\system\\SysRoleMapper.xml]\r\n### The error may involve com.atlas.system.mapper.SysRoleMapper.updateRole-Inline\r\n### The error occurred while setting parameters\r\n### SQL: update sys_role     SET role_name = ?,     role_key = ?,     role_sort = ?,     data_scope = ?,     menu_check_strictly = ?,     dept_check_strictly = ?,     status = ?,     remark = ?,     update_by = ?,     update_time = now()     where role_id = ?\r\n### Cause: org.postgresql.util.PSQLException: 错误: 字段 "menu_check_strictly" 的类型为 smallint, 但表达式的类型为 boolean\n  建议：你需要重写或转换表达式\n  位置：127\n; bad SQL grammar []; nested exception is org.postgresql.util.PSQLException: 错误: 字段 "menu_check_strictly" 的类型为 smallint, 但表达式的类型为 boolean\n  建议：你需要重写或转换表达式\n  位置：127	2023-04-26 16:42:31.265486	11767
33	角色管理	2	com.atlas.web.controller.system.SysRoleController.edit()	PUT	1	admin	\N	/system/role	127.0.0.1	内网IP	{"admin":false,"createTime":"2023-04-26 11:17:09","dataScope":"2","delFlag":"0","deptCheckStrictly":true,"flag":false,"menuCheckStrictly":true,"menuIds":[1,100,1000,1001,1002,1003,1004,1005,1006,101,1007,1008,1009,1010,1011,102,1012,1013,1014,1015,103,1016,1017,1018,1019,104,1020,1021,1022,1023,1024,105,1025,1026,1027,1028,1029,106,1030,1031,1032,1033,1034,107,1035,1036,1037,1038,108,500,1039,1040,1041,501,1042,1043,1044,1045,2,109,1046,1047,1048,110,1049,1050,1051,1052,1053,1054,111,112,113,114,3,115,116,1055,1056,1057,1058,1059,1060,117],"params":{},"remark":"普通角色","roleId":2,"roleKey":"common","roleName":"普通角色","roleSort":2,"status":"0","updateBy":"admin"}	\N	1	\r\n### Error updating database.  Cause: org.postgresql.util.PSQLException: 错误: 字段 "menu_check_strictly" 的类型为 smallint, 但表达式的类型为 boolean\n  建议：你需要重写或转换表达式\n  位置：127\r\n### The error may exist in file [G:\\workspace\\RuoYi-Vue-master\\atlas-Vue-master\\atlas-system\\target\\classes\\mapper\\system\\SysRoleMapper.xml]\r\n### The error may involve com.atlas.system.mapper.SysRoleMapper.updateRole-Inline\r\n### The error occurred while setting parameters\r\n### SQL: update sys_role     SET role_name = ?,     role_key = ?,     role_sort = ?,     data_scope = ?,     menu_check_strictly = ?,     dept_check_strictly = ?,     status = ?,     remark = ?,     update_by = ?,     update_time = now()     where role_id = ?\r\n### Cause: org.postgresql.util.PSQLException: 错误: 字段 "menu_check_strictly" 的类型为 smallint, 但表达式的类型为 boolean\n  建议：你需要重写或转换表达式\n  位置：127\n; bad SQL grammar []; nested exception is org.postgresql.util.PSQLException: 错误: 字段 "menu_check_strictly" 的类型为 smallint, 但表达式的类型为 boolean\n  建议：你需要重写或转换表达式\n  位置：127	2023-04-26 16:44:08.80472	51605
34	角色管理	2	com.atlas.web.controller.system.SysRoleController.edit()	PUT	1	admin	\N	/system/role	127.0.0.1	内网IP	{"admin":false,"createTime":"2023-04-26 11:17:09","dataScope":"2","delFlag":"0","deptCheckStrictly":true,"flag":false,"menuCheckStrictly":true,"menuIds":[1,100,1000,1001,1002,1003,1004,1005,1006,101,1007,1008,1009,1010,1011,102,1012,1013,1014,1015,103,1016,1017,1018,1019,104,1020,1021,1022,1023,1024,105,1025,1026,1027,1028,1029,106,1030,1031,1032,1033,1034,107,1035,1036,1037,1038,108,500,1039,1040,1041,501,1042,1043,1044,1045,2,109,1046,1047,1048,110,1049,1050,1051,1052,1053,1054,111,112,113,114,3,115,116,1055,1056,1057,1058,1059,1060,117],"params":{},"remark":"普通角色","roleId":2,"roleKey":"common","roleName":"普通角色","roleSort":2,"status":"0","updateBy":"admin"}	\N	1	\r\n### Error updating database.  Cause: org.postgresql.util.PSQLException: 错误: 字段 "menu_check_strictly" 的类型为 smallint, 但表达式的类型为 boolean\n  建议：你需要重写或转换表达式\n  位置：127\r\n### The error may exist in file [G:\\workspace\\RuoYi-Vue-master\\atlas-Vue-master\\atlas-system\\target\\classes\\mapper\\system\\SysRoleMapper.xml]\r\n### The error may involve com.atlas.system.mapper.SysRoleMapper.updateRole-Inline\r\n### The error occurred while setting parameters\r\n### SQL: update sys_role     SET role_name = ?,     role_key = ?,     role_sort = ?,     data_scope = ?,     menu_check_strictly = ?,     dept_check_strictly = ?,     status = ?,     remark = ?,     update_by = ?,     update_time = now()     where role_id = ?\r\n### Cause: org.postgresql.util.PSQLException: 错误: 字段 "menu_check_strictly" 的类型为 smallint, 但表达式的类型为 boolean\n  建议：你需要重写或转换表达式\n  位置：127\n; bad SQL grammar []; nested exception is org.postgresql.util.PSQLException: 错误: 字段 "menu_check_strictly" 的类型为 smallint, 但表达式的类型为 boolean\n  建议：你需要重写或转换表达式\n  位置：127	2023-04-26 16:50:51.913426	6
35	角色管理	2	com.atlas.web.controller.system.SysRoleController.edit()	PUT	1	admin	\N	/system/role	127.0.0.1	内网IP	{"admin":false,"createTime":"2023-04-26 11:17:09","dataScope":"2","delFlag":"0","deptCheckStrictly":true,"flag":false,"menuCheckStrictly":true,"menuIds":[1,100,1000,1001,1002,1003,1004,1005,1006,101,1007,1008,1009,1010,1011,102,1012,1013,1014,1015,103,1016,1017,1018,1019,104,1020,1021,1022,1023,1024,105,1025,1026,1027,1028,1029,106,1030,1031,1032,1033,1034,107,1035,1036,1037,1038,108,500,1039,1040,1041,501,1042,1043,1044,1045,2,109,1046,1047,1048,110,1049,1050,1051,1052,1053,1054,111,112,113,114,3,115,116,1055,1056,1057,1058,1059,1060,117],"params":{},"remark":"普通角色","roleId":2,"roleKey":"common","roleName":"普通角色","roleSort":2,"status":"0","updateBy":"admin"}	\N	1	\r\n### Error updating database.  Cause: org.postgresql.util.PSQLException: 错误: 字段 "menu_check_strictly" 的类型为 smallint, 但表达式的类型为 boolean\n  建议：你需要重写或转换表达式\n  位置：127\r\n### The error may exist in file [G:\\workspace\\RuoYi-Vue-master\\atlas-Vue-master\\atlas-system\\target\\classes\\mapper\\system\\SysRoleMapper.xml]\r\n### The error may involve com.atlas.system.mapper.SysRoleMapper.updateRole-Inline\r\n### The error occurred while setting parameters\r\n### SQL: update sys_role     SET role_name = ?,     role_key = ?,     role_sort = ?,     data_scope = ?,     menu_check_strictly = ?,     dept_check_strictly = ?,     status = ?,     remark = ?,     update_by = ?,     update_time = now()     where role_id = ?\r\n### Cause: org.postgresql.util.PSQLException: 错误: 字段 "menu_check_strictly" 的类型为 smallint, 但表达式的类型为 boolean\n  建议：你需要重写或转换表达式\n  位置：127\n; bad SQL grammar []; nested exception is org.postgresql.util.PSQLException: 错误: 字段 "menu_check_strictly" 的类型为 smallint, 但表达式的类型为 boolean\n  建议：你需要重写或转换表达式\n  位置：127	2023-04-26 17:08:43.156382	62
36	角色管理	2	com.atlas.web.controller.system.SysRoleController.edit()	PUT	1	admin	\N	/system/role	192.168.0.94	内网IP	{"admin":false,"createTime":"2023-04-26 11:17:09","dataScope":"2","delFlag":"0","deptCheckStrictly":true,"flag":false,"menuCheckStrictly":true,"menuIds":[1,100,1000,1001,1002,1003,1004,1005,1006,101,1007,1008,1009,1010,1011,102,1012,1013,1014,1015,103,1016,1017,1018,1019,104,1020,1021,1022,1023,1024,105,1025,1026,1027,1028,1029,106,1030,1031,1032,1033,1034,107,1035,1036,1037,1038,108,500,1039,1040,1041,501,1042,1043,1044,1045,2,109,1046,1047,1048,110,1049,1050,1051,1052,1053,1054,111,112,113,114,3,115,116,1055,1056,1057,1058,1059,1060,117],"params":{},"remark":"普通角色","roleId":2,"roleKey":"common","roleName":"普通角色","roleSort":2,"status":"0","updateBy":"admin"}	\N	1	\r\n### Error updating database.  Cause: org.postgresql.util.PSQLException: 错误: 字段 "menu_check_strictly" 的类型为 smallint, 但表达式的类型为 boolean\n  建议：你需要重写或转换表达式\n  位置：127\r\n### The error may exist in file [G:\\workspace\\RuoYi-Vue-master\\atlas-Vue-master\\atlas-system\\target\\classes\\mapper\\system\\SysRoleMapper.xml]\r\n### The error may involve com.atlas.system.mapper.SysRoleMapper.updateRole-Inline\r\n### The error occurred while setting parameters\r\n### SQL: update sys_role     SET role_name = ?,     role_key = ?,     role_sort = ?,     data_scope = ?,     menu_check_strictly = ?,     dept_check_strictly = ?,     status = ?,     remark = ?,     update_by = ?,     update_time = now()     where role_id = ?\r\n### Cause: org.postgresql.util.PSQLException: 错误: 字段 "menu_check_strictly" 的类型为 smallint, 但表达式的类型为 boolean\n  建议：你需要重写或转换表达式\n  位置：127\n; bad SQL grammar []; nested exception is org.postgresql.util.PSQLException: 错误: 字段 "menu_check_strictly" 的类型为 smallint, 但表达式的类型为 boolean\n  建议：你需要重写或转换表达式\n  位置：127	2023-04-26 17:17:12.567624	6
37	角色管理	2	com.atlas.web.controller.system.SysRoleController.edit()	PUT	1	admin	\N	/system/role	192.168.0.94	内网IP	{"admin":false,"createTime":"2023-04-26 11:17:09","dataScope":"2","delFlag":"0","deptCheckStrictly":true,"flag":false,"menuCheckStrictly":true,"menuIds":[1,100,1000,1001,1002,1003,1004,1005,1006,101,1007,1008,1009,1010,1011,102,1012,1013,1014,1015,103,1016,1017,1018,1019,104,1020,1021,1022,1023,1024,105,1025,1026,1027,1028,1029,106,1030,1031,1032,1033,1034,107,1035,1036,1037,1038,108,500,1039,1040,1041,501,1042,1043,1044,1045,2,109,1046,1047,1048,110,1049,1050,1051,1052,1053,1054,111,112,113,114,3,115,116,1055,1056,1057,1058,1059,1060,117],"params":{},"remark":"普通角色","roleId":2,"roleKey":"common","roleName":"普通角色","roleSort":2,"status":"0","updateBy":"admin"}	\N	1	\r\n### Error updating database.  Cause: org.postgresql.util.PSQLException: 错误: 字段 "menu_check_strictly" 的类型为 smallint, 但表达式的类型为 boolean\n  建议：你需要重写或转换表达式\n  位置：127\r\n### The error may exist in file [G:\\workspace\\RuoYi-Vue-master\\atlas-Vue-master\\atlas-system\\target\\classes\\mapper\\system\\SysRoleMapper.xml]\r\n### The error may involve com.atlas.system.mapper.SysRoleMapper.updateRole-Inline\r\n### The error occurred while setting parameters\r\n### SQL: update sys_role     SET role_name = ?,     role_key = ?,     role_sort = ?,     data_scope = ?,     menu_check_strictly = ?,     dept_check_strictly = ?,     status = ?,     remark = ?,     update_by = ?,     update_time = now()     where role_id = ?\r\n### Cause: org.postgresql.util.PSQLException: 错误: 字段 "menu_check_strictly" 的类型为 smallint, 但表达式的类型为 boolean\n  建议：你需要重写或转换表达式\n  位置：127\n; bad SQL grammar []; nested exception is org.postgresql.util.PSQLException: 错误: 字段 "menu_check_strictly" 的类型为 smallint, 但表达式的类型为 boolean\n  建议：你需要重写或转换表达式\n  位置：127	2023-04-26 17:20:26.040228	7
38	角色管理	2	com.atlas.web.controller.system.SysRoleController.edit()	PUT	1	admin	\N	/system/role	127.0.0.1	内网IP	{"admin":false,"createTime":"2023-04-26 11:17:09","dataScope":"2","delFlag":"0","deptCheckStrictly":true,"flag":false,"menuCheckStrictly":true,"menuIds":[1,100,1000,1001,1002,1003,1004,1005,1006,101,1007,1008,1009,1010,1011,102,1012,1013,1014,1015,103,1016,1017,1018,1019,104,1020,1021,1022,1023,1024,105,1025,1026,1027,1028,1029,106,1030,1031,1032,1033,1034,107,1035,1036,1037,1038,108,500,1039,1040,1041,501,1042,1043,1044,1045,2,109,1046,1047,1048,110,1049,1050,1051,1052,1053,1054,111,112,113,114,3,115,116,1055,1056,1057,1058,1059,1060,117],"params":{},"remark":"普通角色","roleId":2,"roleKey":"common","roleName":"普通角色","roleSort":2,"status":"0","updateBy":"admin"}	\N	1	\r\n### Error updating database.  Cause: org.postgresql.util.PSQLException: 错误: 字段 "menu_check_strictly" 的类型为 smallint, 但表达式的类型为 boolean\n  建议：你需要重写或转换表达式\n  位置：127\r\n### The error may exist in file [G:\\workspace\\RuoYi-Vue-master\\atlas-Vue-master\\atlas-system\\target\\classes\\mapper\\system\\SysRoleMapper.xml]\r\n### The error may involve com.atlas.system.mapper.SysRoleMapper.updateRole-Inline\r\n### The error occurred while setting parameters\r\n### SQL: update sys_role     SET role_name = ?,     role_key = ?,     role_sort = ?,     data_scope = ?,     menu_check_strictly = ?,     dept_check_strictly = ?,     status = ?,     remark = ?,     update_by = ?,     update_time = now()     where role_id = ?\r\n### Cause: org.postgresql.util.PSQLException: 错误: 字段 "menu_check_strictly" 的类型为 smallint, 但表达式的类型为 boolean\n  建议：你需要重写或转换表达式\n  位置：127\n; bad SQL grammar []; nested exception is org.postgresql.util.PSQLException: 错误: 字段 "menu_check_strictly" 的类型为 smallint, 但表达式的类型为 boolean\n  建议：你需要重写或转换表达式\n  位置：127	2023-04-26 17:30:55.658633	10
39	角色管理	2	com.atlas.web.controller.system.SysRoleController.edit()	PUT	1	admin	\N	/system/role	127.0.0.1	内网IP	{"admin":false,"createTime":"2023-04-26 11:17:09","dataScope":"2","delFlag":"0","deptCheckStrictly":true,"flag":false,"menuCheckStrictly":true,"menuIds":[1,100,1000,1001,1002,1003,1004,1005,1006,101,1007,1008,1009,1010,1011,102,1012,1013,1014,1015,103,1016,1017,1018,1019,104,1020,1021,1022,1023,1024,105,1025,1026,1027,1028,1029,106,1030,1031,1032,1033,1034,107,1035,1036,1037,1038,108,500,1039,1040,1041,501,1042,1043,1044,1045,2,109,1046,1047,1048,110,1049,1050,1051,1052,1053,1054,111,112,113,114,3,115,116,1055,1056,1057,1058,1059,1060,117],"params":{},"remark":"普通角色","roleId":2,"roleKey":"common","roleName":"普通角色","roleSort":2,"status":"0","updateBy":"admin"}	\N	1	\r\n### Error updating database.  Cause: org.postgresql.util.PSQLException: 错误: 字段 "menu_check_strictly" 的类型为 smallint, 但表达式的类型为 boolean\n  建议：你需要重写或转换表达式\n  位置：127\r\n### The error may exist in file [G:\\workspace\\RuoYi-Vue-master\\atlas-Vue-master\\atlas-system\\target\\classes\\mapper\\system\\SysRoleMapper.xml]\r\n### The error may involve com.atlas.system.mapper.SysRoleMapper.updateRole-Inline\r\n### The error occurred while setting parameters\r\n### SQL: update sys_role     SET role_name = ?,     role_key = ?,     role_sort = ?,     data_scope = ?,     menu_check_strictly = ?,     dept_check_strictly = ?,     status = ?,     remark = ?,     update_by = ?,     update_time = now()     where role_id = ?\r\n### Cause: org.postgresql.util.PSQLException: 错误: 字段 "menu_check_strictly" 的类型为 smallint, 但表达式的类型为 boolean\n  建议：你需要重写或转换表达式\n  位置：127\n; bad SQL grammar []; nested exception is org.postgresql.util.PSQLException: 错误: 字段 "menu_check_strictly" 的类型为 smallint, 但表达式的类型为 boolean\n  建议：你需要重写或转换表达式\n  位置：127	2023-04-26 17:34:51.607511	12
40	角色管理	2	com.atlas.web.controller.system.SysRoleController.edit()	PUT	1	admin	\N	/system/role	127.0.0.1	内网IP	{"admin":false,"createTime":"2023-04-26 11:17:09","dataScope":"2","delFlag":"0","deptCheckStrictly":true,"flag":false,"menuCheckStrictly":true,"menuIds":[1,100,1000,1001,1002,1003,1004,1005,1006,101,1007,1008,1009,1010,1011,102,1012,1013,1014,1015,103,1016,1017,1018,1019,104,1020,1021,1022,1023,1024,105,1025,1026,1027,1028,1029,106,1030,1031,1032,1033,1034,107,1035,1036,1037,1038,108,500,1039,1040,1041,501,1042,1043,1044,1045,2,109,1046,1047,1048,110,1049,1050,1051,1052,1053,1054,111,112,113,114,3,115,116,1055,1056,1057,1058,1059,1060,117],"params":{},"remark":"普通角色","roleId":2,"roleKey":"common","roleName":"普通角色","roleSort":2,"status":"0","updateBy":"admin"}	\N	1	\r\n### Error updating database.  Cause: org.postgresql.util.PSQLException: 错误: 语法错误 在 ":" 或附近的\n  位置：130\r\n### The error may exist in file [G:\\workspace\\RuoYi-Vue-master\\atlas-Vue-master\\atlas-system\\target\\classes\\mapper\\system\\SysRoleMapper.xml]\r\n### The error may involve com.atlas.system.mapper.SysRoleMapper.updateRole-Inline\r\n### The error occurred while setting parameters\r\n### SQL: update sys_role     SET role_name = ?,     role_key = ?,     role_sort = ?,     data_scope = ?,     menu_check_strictly = ? : int,     dept_check_strictly = ? : int,     status = ?,     remark = ?,     update_by = ?,     update_time = now()     where role_id = ?\r\n### Cause: org.postgresql.util.PSQLException: 错误: 语法错误 在 ":" 或附近的\n  位置：130\n; bad SQL grammar []; nested exception is org.postgresql.util.PSQLException: 错误: 语法错误 在 ":" 或附近的\n  位置：130	2023-04-26 17:55:19.184177	78
41	角色管理	2	com.atlas.web.controller.system.SysRoleController.edit()	PUT	1	admin	\N	/system/role	127.0.0.1	内网IP	{"admin":false,"createTime":"2023-04-26 11:17:09","dataScope":"2","delFlag":"0","deptCheckStrictly":true,"flag":false,"menuCheckStrictly":true,"menuIds":[1,100,1000,1001,1002,1003,1004,1005,1006,101,1007,1008,1009,1010,1011,102,1012,1013,1014,1015,103,1016,1017,1018,1019,104,1020,1021,1022,1023,1024,105,1025,1026,1027,1028,1029,106,1030,1031,1032,1033,1034,107,1035,1036,1037,1038,108,500,1039,1040,1041,501,1042,1043,1044,1045,2,109,1046,1047,1048,110,1049,1050,1051,1052,1053,1054,111,112,113,114,3,115,116,1055,1056,1057,1058,1059,1060,117],"params":{},"remark":"普通角色","roleId":2,"roleKey":"common","roleName":"普通角色","roleSort":2,"status":"0","updateBy":"admin"}	\N	1	nested exception is org.apache.ibatis.builder.BuilderException: Error resolving JdbcType. Cause: java.lang.IllegalArgumentException: No enum constant org.apache.ibatis.type.JdbcType.'FALSE'	2023-04-26 18:00:12.003219	24
42	角色管理	2	com.atlas.web.controller.system.SysRoleController.edit()	PUT	1	admin	\N	/system/role	127.0.0.1	内网IP	{"admin":false,"createTime":"2023-04-26 11:17:09","dataScope":"2","delFlag":"0","deptCheckStrictly":true,"flag":false,"menuCheckStrictly":true,"menuIds":[1,100,1000,1001,1002,1003,1004,1005,1006,101,1007,1008,1009,1010,1011,102,1012,1013,1014,1015,103,1016,1017,1018,1019,104,1020,1021,1022,1023,1024,105,1025,1026,1027,1028,1029,106,1030,1031,1032,1033,1034,107,1035,1036,1037,1038,108,500,1039,1040,1041,501,1042,1043,1044,1045,2,109,1046,1047,1048,110,1049,1050,1051,1052,1053,1054,111,112,113,114,3,115,116,1055,1056,1057,1058,1059,1060,117],"params":{},"remark":"普通角色","roleId":2,"roleKey":"common","roleName":"普通角色","roleSort":2,"status":"0","updateBy":"admin"}	\N	1	nested exception is org.apache.ibatis.builder.BuilderException: Error resolving JdbcType. Cause: java.lang.IllegalArgumentException: No enum constant org.apache.ibatis.type.JdbcType.'fales'	2023-04-26 18:01:01.638483	26
43	角色管理	2	com.atlas.web.controller.system.SysRoleController.edit()	PUT	1	admin	\N	/system/role	127.0.0.1	内网IP	{"admin":false,"createTime":"2023-04-26 11:17:09","dataScope":"2","delFlag":"0","deptCheckStrictly":true,"flag":false,"menuCheckStrictly":true,"menuIds":[1,100,1000,1001,1002,1003,1004,1005,1006,101,1007,1008,1009,1010,1011,102,1012,1013,1014,1015,103,1016,1017,1018,1019,104,1020,1021,1022,1023,1024,105,1025,1026,1027,1028,1029,106,1030,1031,1032,1033,1034,107,1035,1036,1037,1038,108,500,1039,1040,1041,501,1042,1043,1044,1045,2,109,1046,1047,1048,110,1049,1050,1051,1052,1053,1054,111,112,113,114,3,115,116,1055,1056,1057,1058,1059,1060,117],"params":{},"remark":"普通角色","roleId":2,"roleKey":"common","roleName":"普通角色","roleSort":2,"status":"0","updateBy":"admin"}	\N	1	nested exception is org.apache.ibatis.builder.BuilderException: Error resolving JdbcType. Cause: java.lang.IllegalArgumentException: No enum constant org.apache.ibatis.type.JdbcType.'false'	2023-04-26 18:02:57.405685	23
44	角色管理	2	com.atlas.web.controller.system.SysRoleController.edit()	PUT	1	admin	\N	/system/role	127.0.0.1	内网IP	{"admin":false,"createTime":"2023-04-26 11:17:09","dataScope":"2","delFlag":"0","deptCheckStrictly":true,"flag":false,"menuCheckStrictly":true,"menuIds":[1,100,1000,1001,1002,1003,1004,1005,1006,101,1007,1008,1009,1010,1011,102,1012,1013,1014,1015,103,1016,1017,1018,1019,104,1020,1021,1022,1023,1024,105,1025,1026,1027,1028,1029,106,1030,1031,1032,1033,1034,107,1035,1036,1037,1038,108,500,1039,1040,1041,501,1042,1043,1044,1045,2,109,1046,1047,1048,110,1049,1050,1051,1052,1053,1054,111,112,113,114,3,115,116,1055,1056,1057,1058,1059,1060,117],"params":{},"remark":"普通角色","roleId":2,"roleKey":"common","roleName":"普通角色","roleSort":2,"status":"0","updateBy":"admin"}	\N	1	nested exception is org.apache.ibatis.builder.BuilderException: Error resolving JdbcType. Cause: java.lang.IllegalArgumentException: No enum constant org.apache.ibatis.type.JdbcType.'false'	2023-04-26 18:03:37.180687	24
45	角色管理	2	com.atlas.web.controller.system.SysRoleController.edit()	PUT	1	admin	\N	/system/role	127.0.0.1	内网IP	{"admin":false,"createTime":"2023-04-26 11:17:09","dataScope":"2","delFlag":"0","deptCheckStrictly":true,"flag":false,"menuCheckStrictly":true,"menuIds":[1,100,1000,1001,1002,1003,1004,1005,1006,101,1007,1008,1009,1010,1011,102,1012,1013,1014,1015,103,1016,1017,1018,1019,104,1020,1021,1022,1023,1024,105,1025,1026,1027,1028,1029,106,1030,1031,1032,1033,1034,107,1035,1036,1037,1038,108,500,1039,1040,1041,501,1042,1043,1044,1045,2,109,1046,1047,1048,110,1049,1050,1051,1052,1053,1054,111,112,113,114,3,115,116,1055,1056,1057,1058,1059,1060,117],"params":{},"remark":"普通角色","roleId":2,"roleKey":"common","roleName":"普通角色","roleSort":2,"status":"0","updateBy":"admin"}	\N	1	nested exception is org.apache.ibatis.builder.BuilderException: Error resolving JdbcType. Cause: java.lang.IllegalArgumentException: No enum constant org.apache.ibatis.type.JdbcType.false	2023-04-26 18:04:02.665459	25
46	角色管理	2	com.atlas.web.controller.system.SysRoleController.edit()	PUT	1	admin	\N	/system/role	127.0.0.1	内网IP	{"admin":false,"createTime":"2023-04-26 11:17:09","dataScope":"2","delFlag":"0","deptCheckStrictly":true,"flag":false,"menuCheckStrictly":true,"menuIds":[1,100,1000,1001,1002,1003,1004,1005,1006,101,1007,1008,1009,1010,1011,102,1012,1013,1014,1015,103,1016,1017,1018,1019,104,1020,1021,1022,1023,1024,105,1025,1026,1027,1028,1029,106,1030,1031,1032,1033,1034,107,1035,1036,1037,1038,108,500,1039,1040,1041,501,1042,1043,1044,1045,2,109,1046,1047,1048,110,1049,1050,1051,1052,1053,1054,111,112,113,114,3,115,116,1055,1056,1057,1058,1059,1060,117],"params":{},"remark":"普通角色","roleId":2,"roleKey":"common","roleName":"普通角色","roleSort":2,"status":"0","updateBy":"admin"}	\N	1	nested exception is org.apache.ibatis.builder.BuilderException: Error resolving JdbcType. Cause: java.lang.IllegalArgumentException: No enum constant org.apache.ibatis.type.JdbcType.FALSE	2023-04-26 18:05:42.950948	22
47	角色管理	2	com.atlas.web.controller.system.SysRoleController.edit()	PUT	1	admin	\N	/system/role	127.0.0.1	内网IP	{"admin":false,"createTime":"2023-04-26 11:17:09","dataScope":"2","delFlag":"0","deptCheckStrictly":true,"flag":false,"menuCheckStrictly":true,"menuIds":[1,100,1000,1001,1002,1003,1004,1005,1006,101,1007,1008,1009,1010,1011,102,1012,1013,1014,1015,103,1016,1017,1018,1019,104,1020,1021,1022,1023,1024,105,1025,1026,1027,1028,1029,106,1030,1031,1032,1033,1034,107,1035,1036,1037,1038,108,500,1039,1040,1041,501,1042,1043,1044,1045,2,109,1046,1047,1048,110,1049,1050,1051,1052,1053,1054,111,112,113,114,3,115,116,1055,1056,1057,1058,1059,1060,117],"params":{},"remark":"普通角色","roleId":2,"roleKey":"common","roleName":"普通角色","roleSort":2,"status":"0","updateBy":"admin"}	\N	1	nested exception is org.apache.ibatis.builder.BuilderException: Error resolving JdbcType. Cause: java.lang.IllegalArgumentException: No enum constant org.apache.ibatis.type.JdbcType.'FALSE'	2023-04-26 18:11:36.702676	55
53	角色管理	2	com.atlas.web.controller.system.SysRoleController.edit()	PUT	1	admin	\N	/system/role	127.0.0.1	内网IP	{"admin":false,"createTime":"2023-04-26 11:17:09","dataScope":"2","delFlag":"0","deptCheckStrictly":true,"flag":false,"menuCheckStrictly":true,"menuIds":[1,100,1000,1001,1002,1003,1004,1005,1006,101,1007,1008,1009,1010,1011,102,1012,1013,1014,1015,103,1016,1017,1018,1019,104,1020,1021,1022,1023,1024,105,1025,1026,1027,1028,1029,106,1030,1031,1032,1033,1034,107,1035,1036,1037,1038,108,500,1039,1040,1041,501,1042,1043,1044,1045,2,109,1046,1047,1048,110,1049,1050,1051,1052,1053,1054,111,112,113,114,3,115,116,1055,1056,1057,1058,1059,1060,117],"params":{},"remark":"普通角色","roleId":2,"roleKey":"common","roleName":"普通角色","roleSort":2,"status":"0","updateBy":"admin"}	\N	1	nested exception is org.apache.ibatis.builder.BuilderException: Error resolving JdbcType. Cause: java.lang.IllegalArgumentException: No enum constant org.apache.ibatis.type.JdbcType.false	2023-04-26 18:16:27.156795	51
48	角色管理	2	com.atlas.web.controller.system.SysRoleController.edit()	PUT	1	admin	\N	/system/role	127.0.0.1	内网IP	{"admin":false,"createTime":"2023-04-26 11:17:09","dataScope":"2","delFlag":"0","deptCheckStrictly":true,"flag":false,"menuCheckStrictly":true,"menuIds":[1,100,1000,1001,1002,1003,1004,1005,1006,101,1007,1008,1009,1010,1011,102,1012,1013,1014,1015,103,1016,1017,1018,1019,104,1020,1021,1022,1023,1024,105,1025,1026,1027,1028,1029,106,1030,1031,1032,1033,1034,107,1035,1036,1037,1038,108,500,1039,1040,1041,501,1042,1043,1044,1045,2,109,1046,1047,1048,110,1049,1050,1051,1052,1053,1054,111,112,113,114,3,115,116,1055,1056,1057,1058,1059,1060,117],"params":{},"remark":"普通角色","roleId":2,"roleKey":"common","roleName":"普通角色","roleSort":2,"status":"0","updateBy":"admin"}	\N	1	\r\n### Error updating database.  Cause: org.postgresql.util.PSQLException: 未设定参数值 11 的内容。\r\n### The error may exist in file [G:\\workspace\\RuoYi-Vue-master\\atlas-Vue-master\\atlas-system\\target\\classes\\mapper\\system\\SysRoleMapper.xml]\r\n### The error may involve com.atlas.system.mapper.SysRoleMapper.updateRole-Inline\r\n### The error occurred while setting parameters\r\n### SQL: update sys_role     SET role_name = ?,     role_key = ?,     role_sort = ?,     data_scope = ?,     menu_check_strictly = ? ? 'true' : 'false'::boolen::int,     dept_check_strictly = ? ? 'true' : 'false'::booleen::int,     status = ?,     remark = ?,     update_by = ?,     update_time = now()     where role_id = ?\r\n### Cause: org.postgresql.util.PSQLException: 未设定参数值 11 的内容。\n; 未设定参数值 11 的内容。; nested exception is org.postgresql.util.PSQLException: 未设定参数值 11 的内容。	2023-04-26 18:12:34.154068	52
49	角色管理	2	com.atlas.web.controller.system.SysRoleController.edit()	PUT	1	admin	\N	/system/role	127.0.0.1	内网IP	{"admin":false,"createTime":"2023-04-26 11:17:09","dataScope":"2","delFlag":"0","deptCheckStrictly":true,"flag":false,"menuCheckStrictly":true,"menuIds":[1,100,1000,1001,1002,1003,1004,1005,1006,101,1007,1008,1009,1010,1011,102,1012,1013,1014,1015,103,1016,1017,1018,1019,104,1020,1021,1022,1023,1024,105,1025,1026,1027,1028,1029,106,1030,1031,1032,1033,1034,107,1035,1036,1037,1038,108,500,1039,1040,1041,501,1042,1043,1044,1045,2,109,1046,1047,1048,110,1049,1050,1051,1052,1053,1054,111,112,113,114,3,115,116,1055,1056,1057,1058,1059,1060,117],"params":{},"remark":"普通角色","roleId":2,"roleKey":"common","roleName":"普通角色","roleSort":2,"status":"0","updateBy":"admin"}	\N	1	\r\n### Error updating database.  Cause: org.postgresql.util.PSQLException: 未设定参数值 11 的内容。\r\n### The error may exist in file [G:\\workspace\\RuoYi-Vue-master\\atlas-Vue-master\\atlas-system\\target\\classes\\mapper\\system\\SysRoleMapper.xml]\r\n### The error may involve com.atlas.system.mapper.SysRoleMapper.updateRole-Inline\r\n### The error occurred while setting parameters\r\n### SQL: update sys_role     SET role_name = ?,     role_key = ?,     role_sort = ?,     data_scope = ?,     menu_check_strictly = ? ? 'true' : 'false':int,     dept_check_strictly = ? ? 'true' : 'false':int,     status = ?,     remark = ?,     update_by = ?,     update_time = now()     where role_id = ?\r\n### Cause: org.postgresql.util.PSQLException: 未设定参数值 11 的内容。\n; 未设定参数值 11 的内容。; nested exception is org.postgresql.util.PSQLException: 未设定参数值 11 的内容。	2023-04-26 18:13:13.572549	49
50	角色管理	2	com.atlas.web.controller.system.SysRoleController.edit()	PUT	1	admin	\N	/system/role	127.0.0.1	内网IP	{"admin":false,"createTime":"2023-04-26 11:17:09","dataScope":"2","delFlag":"0","deptCheckStrictly":true,"flag":false,"menuCheckStrictly":true,"menuIds":[1,100,1000,1001,1002,1003,1004,1005,1006,101,1007,1008,1009,1010,1011,102,1012,1013,1014,1015,103,1016,1017,1018,1019,104,1020,1021,1022,1023,1024,105,1025,1026,1027,1028,1029,106,1030,1031,1032,1033,1034,107,1035,1036,1037,1038,108,500,1039,1040,1041,501,1042,1043,1044,1045,2,109,1046,1047,1048,110,1049,1050,1051,1052,1053,1054,111,112,113,114,3,115,116,1055,1056,1057,1058,1059,1060,117],"params":{},"remark":"普通角色","roleId":2,"roleKey":"common","roleName":"普通角色","roleSort":2,"status":"0","updateBy":"admin"}	\N	1	\r\n### Error updating database.  Cause: org.postgresql.util.PSQLException: 错误: 语法错误 在 "'true'" 或附近的\n  位置：130\r\n### The error may exist in file [G:\\workspace\\RuoYi-Vue-master\\atlas-Vue-master\\atlas-system\\target\\classes\\mapper\\system\\SysRoleMapper.xml]\r\n### The error may involve com.atlas.system.mapper.SysRoleMapper.updateRole-Inline\r\n### The error occurred while setting parameters\r\n### SQL: update sys_role     SET role_name = ?,     role_key = ?,     role_sort = ?,     data_scope = ?,     menu_check_strictly = ? 'true' : 'false':int,     dept_check_strictly = ? 'true' : 'false':int,     status = ?,     remark = ?,     update_by = ?,     update_time = now()     where role_id = ?\r\n### Cause: org.postgresql.util.PSQLException: 错误: 语法错误 在 "'true'" 或附近的\n  位置：130\n; bad SQL grammar []; nested exception is org.postgresql.util.PSQLException: 错误: 语法错误 在 "'true'" 或附近的\n  位置：130	2023-04-26 18:13:59.728785	52
51	角色管理	2	com.atlas.web.controller.system.SysRoleController.edit()	PUT	1	admin	\N	/system/role	127.0.0.1	内网IP	{"admin":false,"createTime":"2023-04-26 11:17:09","dataScope":"2","delFlag":"0","deptCheckStrictly":true,"flag":false,"menuCheckStrictly":true,"menuIds":[1,100,1000,1001,1002,1003,1004,1005,1006,101,1007,1008,1009,1010,1011,102,1012,1013,1014,1015,103,1016,1017,1018,1019,104,1020,1021,1022,1023,1024,105,1025,1026,1027,1028,1029,106,1030,1031,1032,1033,1034,107,1035,1036,1037,1038,108,500,1039,1040,1041,501,1042,1043,1044,1045,2,109,1046,1047,1048,110,1049,1050,1051,1052,1053,1054,111,112,113,114,3,115,116,1055,1056,1057,1058,1059,1060,117],"params":{},"remark":"普通角色","roleId":2,"roleKey":"common","roleName":"普通角色","roleSort":2,"status":"0","updateBy":"admin"}	\N	1	nested exception is org.apache.ibatis.builder.BuilderException: Error resolving JdbcType. Cause: java.lang.IllegalArgumentException: No enum constant org.apache.ibatis.type.JdbcType.'false'	2023-04-26 18:14:57.021262	24
52	角色管理	2	com.atlas.web.controller.system.SysRoleController.edit()	PUT	1	admin	\N	/system/role	127.0.0.1	内网IP	{"admin":false,"createTime":"2023-04-26 11:17:09","dataScope":"2","delFlag":"0","deptCheckStrictly":true,"flag":false,"menuCheckStrictly":true,"menuIds":[1,100,1000,1001,1002,1003,1004,1005,1006,101,1007,1008,1009,1010,1011,102,1012,1013,1014,1015,103,1016,1017,1018,1019,104,1020,1021,1022,1023,1024,105,1025,1026,1027,1028,1029,106,1030,1031,1032,1033,1034,107,1035,1036,1037,1038,108,500,1039,1040,1041,501,1042,1043,1044,1045,2,109,1046,1047,1048,110,1049,1050,1051,1052,1053,1054,111,112,113,114,3,115,116,1055,1056,1057,1058,1059,1060,117],"params":{},"remark":"普通角色","roleId":2,"roleKey":"common","roleName":"普通角色","roleSort":2,"status":"0","updateBy":"admin"}	\N	1	nested exception is org.apache.ibatis.builder.BuilderException: Error resolving JdbcType. Cause: java.lang.IllegalArgumentException: No enum constant org.apache.ibatis.type.JdbcType.: 'false'	2023-04-26 18:15:33.531058	62
106	代码生成	6	com.atlas.generator.controller.GenController.importTableSave()	POST	1	admin	\N	/tool/gen/importTable	127.0.0.1	内网IP	{"tables":"sys_dept"}	{"msg":"操作成功","code":200}	0	\N	2023-04-27 13:14:22.291297	83871
54	角色管理	2	com.atlas.web.controller.system.SysRoleController.edit()	PUT	1	admin	\N	/system/role	127.0.0.1	内网IP	{"admin":false,"createTime":"2023-04-26 11:17:09","dataScope":"2","delFlag":"0","deptCheckStrictly":true,"flag":false,"menuCheckStrictly":true,"menuIds":[1,100,1000,1001,1002,1003,1004,1005,1006,101,1007,1008,1009,1010,1011,102,1012,1013,1014,1015,103,1016,1017,1018,1019,104,1020,1021,1022,1023,1024,105,1025,1026,1027,1028,1029,106,1030,1031,1032,1033,1034,107,1035,1036,1037,1038,108,500,1039,1040,1041,501,1042,1043,1044,1045,2,109,1046,1047,1048,110,1049,1050,1051,1052,1053,1054,111,112,113,114,3,115,116,1055,1056,1057,1058,1059,1060,117],"params":{},"remark":"普通角色","roleId":2,"roleKey":"common","roleName":"普通角色","roleSort":2,"status":"0","updateBy":"admin"}	\N	1	nested exception is org.apache.ibatis.builder.BuilderException: Error resolving JdbcType. Cause: java.lang.IllegalArgumentException: No enum constant org.apache.ibatis.type.JdbcType.false	2023-04-26 18:16:46.642365	26
55	角色管理	2	com.atlas.web.controller.system.SysRoleController.edit()	PUT	1	admin	\N	/system/role	127.0.0.1	内网IP	{"admin":false,"createTime":"2023-04-26 11:17:09","dataScope":"2","delFlag":"0","deptCheckStrictly":true,"flag":false,"menuCheckStrictly":true,"menuIds":[1,100,1000,1001,1002,1003,1004,1005,1006,101,1007,1008,1009,1010,1011,102,1012,1013,1014,1015,103,1016,1017,1018,1019,104,1020,1021,1022,1023,1024,105,1025,1026,1027,1028,1029,106,1030,1031,1032,1033,1034,107,1035,1036,1037,1038,108,500,1039,1040,1041,501,1042,1043,1044,1045,2,109,1046,1047,1048,110,1049,1050,1051,1052,1053,1054,111,112,113,114,3,115,116,1055,1056,1057,1058,1059,1060,117],"params":{},"remark":"普通角色","roleId":2,"roleKey":"common","roleName":"普通角色","roleSort":2,"status":"0","updateBy":"admin"}	\N	1	nested exception is org.apache.ibatis.builder.BuilderException: Error resolving JdbcType. Cause: java.lang.IllegalArgumentException: No enum constant org.apache.ibatis.type.JdbcType.'false'	2023-04-26 18:17:27.01272	34
56	角色管理	2	com.atlas.web.controller.system.SysRoleController.edit()	PUT	1	admin	\N	/system/role	127.0.0.1	内网IP	{"admin":false,"createTime":"2023-04-26 11:17:09","dataScope":"2","delFlag":"0","deptCheckStrictly":true,"flag":false,"menuCheckStrictly":true,"menuIds":[1,100,1000,1001,1002,1003,1004,1005,1006,101,1007,1008,1009,1010,1011,102,1012,1013,1014,1015,103,1016,1017,1018,1019,104,1020,1021,1022,1023,1024,105,1025,1026,1027,1028,1029,106,1030,1031,1032,1033,1034,107,1035,1036,1037,1038,108,500,1039,1040,1041,501,1042,1043,1044,1045,2,109,1046,1047,1048,110,1049,1050,1051,1052,1053,1054,111,112,113,114,3,115,116,1055,1056,1057,1058,1059,1060,117],"params":{},"remark":"普通角色","roleId":2,"roleKey":"common","roleName":"普通角色","roleSort":2,"status":"0","updateBy":"admin"}	\N	1	nested exception is org.apache.ibatis.builder.BuilderException: Error resolving JdbcType. Cause: java.lang.IllegalArgumentException: No enum constant org.apache.ibatis.type.JdbcType.'FALSE'	2023-04-26 18:18:37.482947	23
57	角色管理	2	com.atlas.web.controller.system.SysRoleController.edit()	PUT	1	admin	\N	/system/role	127.0.0.1	内网IP	{"admin":false,"createTime":"2023-04-26 11:17:09","dataScope":"2","delFlag":"0","deptCheckStrictly":true,"flag":false,"menuCheckStrictly":true,"menuIds":[1,100,1000,1001,1002,1003,1004,1005,1006,101,1007,1008,1009,1010,1011,102,1012,1013,1014,1015,103,1016,1017,1018,1019,104,1020,1021,1022,1023,1024,105,1025,1026,1027,1028,1029,106,1030,1031,1032,1033,1034,107,1035,1036,1037,1038,108,500,1039,1040,1041,501,1042,1043,1044,1045,2,109,1046,1047,1048,110,1049,1050,1051,1052,1053,1054,111,112,113,114,3,115,116,1055,1056,1057,1058,1059,1060,117],"params":{},"remark":"普通角色","roleId":2,"roleKey":"common","roleName":"普通角色","roleSort":2,"status":"0","updateBy":"admin"}	{"msg":"操作成功","code":200}	0	\N	2023-04-27 09:23:24.081559	80
58	角色管理	2	com.atlas.web.controller.system.SysRoleController.edit()	PUT	1	admin	\N	/system/role	127.0.0.1	内网IP	{"admin":false,"createTime":"2023-04-26 11:17:09","dataScope":"2","delFlag":"0","deptCheckStrictly":true,"flag":false,"menuCheckStrictly":true,"menuIds":[1,100,1000,1001,1002,1003,1004,1005,1006,101,1007,1008,1009,1010,1011,102,1012,1013,1014,1015,103,1016,1017,1018,1019,104,1020,1021,1022,1023,1024,105,1025,1026,1027,1028,1029,106,1030,1031,1032,1033,1034,107,1035,1036,1037,1038,108,500,1039,1040,1041,501,1042,1043,1044,1045,2,109,1046,1047,1048,110,1049,1050,1051,1052,1053,1054,111,112,113,114,3,115,116,1055,1056,1057,1058,1059,1060,117,4],"params":{},"remark":"普通角色","roleId":2,"roleKey":"common","roleName":"普通角色","roleSort":2,"status":"0","updateBy":"admin"}	{"msg":"操作成功","code":200}	0	\N	2023-04-27 09:25:06.648885	73
59	角色管理	2	com.atlas.web.controller.system.SysRoleController.edit()	PUT	1	admin	\N	/system/role	127.0.0.1	内网IP	{"admin":false,"createTime":"2023-04-26 11:17:09","dataScope":"2","delFlag":"0","deptCheckStrictly":false,"flag":false,"menuCheckStrictly":false,"menuIds":[1,100,1000,1001,1002,1003,1004,1005,1006,101,1007,1008,1009,1010,1011,102,1012,1013,1014,1015,103,1016,1017,1018,1019,104,1020,1021,1022,1023,1024,105,1025,1026,1027,1028,1029,106,1030,1031,1032,1033,1034,107,1035,1036,1037,1038,108,500,1039,1040,1041,501,1042,1043,1044,1045,2,109,1046,1047,1048,110,1049,1050,1051,1052,1053,1054,111,112,113,114,3,115,116,1055,1056,1057,1058,1059,1060,117],"params":{},"remark":"普通角色","roleId":2,"roleKey":"common","roleName":"普通角色","roleSort":2,"status":"0","updateBy":"admin"}	{"msg":"操作成功","code":200}	0	\N	2023-04-27 09:25:37.159534	22
60	角色管理	2	com.atlas.web.controller.system.SysRoleController.edit()	PUT	1	admin	\N	/system/role	127.0.0.1	内网IP	{"admin":false,"createTime":"2023-04-26 11:17:09","dataScope":"2","delFlag":"0","deptCheckStrictly":true,"flag":false,"menuCheckStrictly":true,"menuIds":[1,100,1000,1001,1002,1003,1004,1005,1006,101,1007,1008,1009,1010,1011,102,1012,1013,1014,1015,103,1016,1017,1018,1019,104,1020,1021,1022,1023,1024,105,1025,1026,1027,1028,1029,106,1030,1031,1032,1033,1034,107,1035,1036,1037,1038,108,500,1039,1040,1041,501,1042,1043,1044,1045,2,109,1046,1047,1048,110,1049,1050,1051,1052,1053,1054,111,112,113,114,3,115,116,1055,1056,1057,1058,1059,1060,117,4],"params":{},"remark":"普通角色","roleId":2,"roleKey":"common","roleName":"普通角色","roleSort":2,"status":"0","updateBy":"admin"}	{"msg":"操作成功","code":200}	0	\N	2023-04-27 09:26:40.577623	34
61	角色管理	2	com.atlas.web.controller.system.SysRoleController.edit()	PUT	1	admin	\N	/system/role	127.0.0.1	内网IP	{"admin":false,"createTime":"2023-04-26 11:17:09","dataScope":"2","delFlag":"0","deptCheckStrictly":false,"flag":false,"menuCheckStrictly":false,"menuIds":[1,100,1000,1001,1002,1003,1004,1005,1006,101,1007,1008,1009,1010,1011,102,1012,1013,1014,1015,103,1016,1017,1018,1019,104,1020,1021,1022,1023,1024,105,1025,1026,1027,1028,1029,106,1030,1031,1032,1033,1034,107,1035,1036,1037,1038,108,500,1039,1040,1041,501,1042,1043,1044,1045,2,109,1046,1047,1048,110,1049,1050,1051,1052,1053,1054,111,112,113,114,3,115,116,1055,1056,1057,1058,1059,1060,117],"params":{},"remark":"普通角色","roleId":2,"roleKey":"common","roleName":"普通角色","roleSort":2,"status":"0","updateBy":"admin"}	{"msg":"操作成功","code":200}	0	\N	2023-04-27 09:26:59.495896	10
107	代码生成	6	com.atlas.generator.controller.GenController.importTableSave()	POST	1	admin	\N	/tool/gen/importTable	127.0.0.1	内网IP	{"tables":"sys_dept"}	{"msg":"操作成功","code":200}	0	\N	2023-04-27 13:30:58.83314	5445
62	角色管理	2	com.atlas.web.controller.system.SysRoleController.edit()	PUT	1	admin	\N	/system/role	127.0.0.1	内网IP	{"admin":false,"createTime":"2023-04-26 11:17:09","dataScope":"2","delFlag":"0","deptCheckStrictly":true,"flag":false,"menuCheckStrictly":true,"menuIds":[1,100,1000,1001,1002,1003,1004,1005,1006,101,1007,1008,1009,1010,1011,102,1012,1013,1014,1015,103,1016,1017,1018,1019,104,1020,1021,1022,1023,1024,105,1025,1026,1027,1028,1029,106,1030,1031,1032,1033,1034,107,1035,1036,1037,1038,108,500,1039,1040,1041,501,1042,1043,1044,1045,2,109,1046,1047,1048,110,1049,1050,1051,1052,1053,1054,111,112,113,114,3,115,116,1055,1056,1057,1058,1059,1060,117,4],"params":{},"remark":"普通角色","roleId":2,"roleKey":"common","roleName":"普通角色","roleSort":2,"status":"0","updateBy":"admin"}	{"msg":"操作成功","code":200}	0	\N	2023-04-27 09:29:23.21251	34
63	角色管理	2	com.atlas.web.controller.system.SysRoleController.edit()	PUT	1	admin	\N	/system/role	127.0.0.1	内网IP	{"admin":false,"createTime":"2023-04-26 11:17:09","dataScope":"2","delFlag":"0","deptCheckStrictly":false,"flag":false,"menuCheckStrictly":false,"menuIds":[1,100,1000,1001,1002,1003,1004,1005,1006,101,1007,1008,1009,1010,1011,102,1012,1013,1014,1015,103,1016,1017,1018,1019,104,1020,1021,1022,1023,1024,105,1025,1026,1027,1028,1029,106,1030,1031,1032,1033,1034,107,1035,1036,1037,1038,108,500,1039,1040,1041,501,1042,1043,1044,1045,2,109,1046,1047,1048,110,1049,1050,1051,1052,1053,1054,111,112,113,114,3,115,116,1055,1056,1057,1058,1059,1060,117],"params":{},"remark":"普通角色","roleId":2,"roleKey":"common","roleName":"普通角色","roleSort":2,"status":"0","updateBy":"admin"}	{"msg":"操作成功","code":200}	0	\N	2023-04-27 09:30:23.854678	84
64	角色管理	2	com.atlas.web.controller.system.SysRoleController.edit()	PUT	1	admin	\N	/system/role	127.0.0.1	内网IP	{"admin":false,"createTime":"2023-04-26 11:17:09","dataScope":"2","delFlag":"0","deptCheckStrictly":false,"flag":false,"menuCheckStrictly":false,"menuIds":[1,100,1000,1001,1002,1003,1004,1005,1006,101,1007,1008,1009,1010,1011,102,1012,1013,1014,1015,103,1016,1017,1018,1019,104,1020,1021,1022,1023,1024,105,1025,1026,1027,1028,1029,106,1030,1031,1032,1033,1034,107,1035,1036,1037,1038,108,500,1039,1040,1041,501,1042,1043,1044,1045,2,109,1046,1047,1048,110,1049,1050,1051,1052,1053,1054,111,112,113,114,3,115,116,1055,1056,1057,1058,1059,1060,117,4],"params":{},"remark":"普通角色","roleId":2,"roleKey":"common","roleName":"普通角色","roleSort":2,"status":"0","updateBy":"admin"}	{"msg":"操作成功","code":200}	0	\N	2023-04-27 09:30:36.182404	35
65	角色管理	2	com.atlas.web.controller.system.SysRoleController.edit()	PUT	1	admin	\N	/system/role	127.0.0.1	内网IP	{"admin":false,"createTime":"2023-04-26 11:17:09","dataScope":"2","delFlag":"0","deptCheckStrictly":false,"flag":false,"menuCheckStrictly":false,"menuIds":[1,100,1000,1001,1002,1003,1004,1005,1006,101,1007,1008,1009,1010,1011,102,1012,1013,1014,1015,103,1016,1017,1018,1019,104,1020,1021,1022,1023,1024,105,1025,1026,1027,1028,1029,106,1030,1031,1032,1033,1034,107,1035,1036,1037,1038,108,500,1039,1040,1041,501,1042,1043,1044,1045,2,109,1046,1047,1048,110,1049,1050,1051,1052,1053,1054,111,112,113,114,3,115,116,1055,1056,1057,1058,1059,1060,117],"params":{},"remark":"普通角色","roleId":2,"roleKey":"common","roleName":"普通角色","roleSort":2,"status":"0","updateBy":"admin"}	{"msg":"操作成功","code":200}	0	\N	2023-04-27 09:30:58.662917	28
66	角色管理	2	com.atlas.web.controller.system.SysRoleController.edit()	PUT	1	admin	\N	/system/role	127.0.0.1	内网IP	{"admin":false,"createTime":"2023-04-26 11:17:09","dataScope":"2","delFlag":"0","deptCheckStrictly":false,"flag":false,"menuCheckStrictly":false,"menuIds":[1,100,1000,1001,1002,1003,1004,1005,1006,101,1007,1008,1009,1010,1011,102,1012,1013,1014,1015,103,1016,1017,1018,1019,104,1020,1021,1022,1023,1024,105,1025,1026,1027,1028,1029,106,1030,1031,1032,1033,1034,107,1035,1036,1037,1038,108,500,1039,1040,1041,501,1042,1043,1044,1045,2,109,1046,1047,1048,110,1049,1050,1051,1052,1053,1054,111,112,113,114,3,115,116,1055,1056,1057,1058,1059,1060,117,4],"params":{},"remark":"普通角色","roleId":2,"roleKey":"common","roleName":"普通角色","roleSort":2,"status":"0","updateBy":"admin"}	{"msg":"操作成功","code":200}	0	\N	2023-04-27 09:32:03.358036	10
67	角色管理	2	com.atlas.web.controller.system.SysRoleController.edit()	PUT	1	admin	\N	/system/role	127.0.0.1	内网IP	{"admin":false,"createTime":"2023-04-26 11:17:09","dataScope":"2","delFlag":"0","deptCheckStrictly":false,"flag":false,"menuCheckStrictly":false,"menuIds":[1,100,1000,1001,1002,1003,1004,1005,1006,101,1007,1008,1009,1010,1011,102,1012,1013,1014,1015,103,1016,1017,1018,1019,104,1020,1021,1022,1023,1024,105,1025,1026,1027,1028,1029,106,1030,1031,1032,1033,1034,107,1035,1036,1037,1038,108,500,1039,1040,1041,501,1042,1043,1044,1045,2,109,1046,1047,1048,110,1049,1050,1051,1052,1053,1054,111,112,113,114,115,116,1055,1056,1057,1058,1059,1060,117,4],"params":{},"remark":"普通角色","roleId":2,"roleKey":"common","roleName":"普通角色","roleSort":2,"status":"0","updateBy":"admin"}	{"msg":"操作成功","code":200}	0	\N	2023-04-27 09:32:28.94321	12
68	角色管理	2	com.atlas.web.controller.system.SysRoleController.edit()	PUT	1	admin	\N	/system/role	127.0.0.1	内网IP	{"admin":false,"createTime":"2023-04-26 11:17:09","dataScope":"2","delFlag":"0","deptCheckStrictly":false,"flag":false,"menuCheckStrictly":false,"menuIds":[1,100,1000,1001,1002,1003,1004,1005,1006,101,1007,1008,1009,1010,1011,102,1012,1013,1014,1015,103,1016,1017,1018,1019,104,1020,1021,1022,1023,1024,105,1025,1026,1027,1028,1029,106,1030,1031,1032,1033,1034,107,1035,1036,1037,1038,108,500,1039,1040,1041,501,1042,1043,1044,1045,2,109,1046,1047,1048,110,1049,1050,1051,1052,1053,1054,111,112,113,114,3,115,116,1055,1056,1057,1058,1059,1060,117,4],"params":{},"remark":"普通角色","roleId":2,"roleKey":"common","roleName":"普通角色","roleSort":2,"status":"0","updateBy":"admin"}	{"msg":"操作成功","code":200}	0	\N	2023-04-27 09:32:33.296799	36
69	角色管理	2	com.atlas.web.controller.system.SysRoleController.edit()	PUT	1	admin	\N	/system/role	127.0.0.1	内网IP	{"admin":false,"createTime":"2023-04-26 11:17:09","dataScope":"2","delFlag":"0","deptCheckStrictly":false,"flag":false,"menuCheckStrictly":false,"menuIds":[1,100,1000,1001,1002,1003,1004,1005,1006,101,1007,1008,1009,1010,1011,102,1012,1013,1014,1015,103,1016,1017,1018,1019,104,1020,1021,1022,1023,1024,105,1025,1026,1027,1028,1029,106,1030,1031,1032,1033,1034,107,1035,1036,1037,1038,108,500,1039,1040,1041,501,1042,1043,1044,1045,2,109,1046,1047,1048,110,1049,1050,1051,1052,1053,1054,111,112,113,114,3,115,116,1055,1056,1057,1058,1059,1060,117],"params":{},"remark":"普通角色","roleId":2,"roleKey":"common","roleName":"普通角色","roleSort":2,"status":"0","updateBy":"admin"}	{"msg":"操作成功","code":200}	0	\N	2023-04-27 09:32:48.945464	9
108	代码生成	3	com.atlas.generator.controller.GenController.remove()	DELETE	1	admin	\N	/tool/gen/19,18,17	127.0.0.1	内网IP	{}	{"msg":"操作成功","code":200}	0	\N	2023-04-27 13:31:20.982222	7
109	代码生成	6	com.atlas.generator.controller.GenController.importTableSave()	POST	1	admin	\N	/tool/gen/importTable	127.0.0.1	内网IP	{"tables":"sys_dept,sys_dict_data"}	{"msg":"操作成功","code":200}	0	\N	2023-04-27 13:31:28.45302	82
70	角色管理	2	com.atlas.web.controller.system.SysRoleController.edit()	PUT	1	admin	\N	/system/role	127.0.0.1	内网IP	{"admin":false,"createTime":"2023-04-26 11:17:09","dataScope":"2","delFlag":"0","deptCheckStrictly":false,"flag":false,"menuCheckStrictly":false,"menuIds":[1,100,1000,1001,1002,1003,1004,1005,1006,101,1007,1008,1009,1010,1011,102,1012,1013,1014,1015,103,1016,1017,1018,1019,104,1020,1021,1022,1023,1024,105,1025,1026,1027,1028,1029,106,1030,1031,1032,1033,1034,107,1035,1036,1037,1038,108,500,1039,1040,1041,501,1042,1043,1044,1045,2,109,1046,1047,1048,110,1049,1050,1051,1052,1053,1054,111,112,113,114,3,115,116,1055,1056,1057,1058,1059,1060,117,4],"params":{},"remark":"普通角色","roleId":2,"roleKey":"common","roleName":"普通角色","roleSort":2,"status":"0","updateBy":"admin"}	{"msg":"操作成功","code":200}	0	\N	2023-04-27 09:35:13.197311	26
71	角色管理	2	com.atlas.web.controller.system.SysRoleController.edit()	PUT	1	admin	\N	/system/role	127.0.0.1	内网IP	{"admin":false,"createTime":"2023-04-26 11:17:09","dataScope":"2","delFlag":"0","deptCheckStrictly":true,"flag":false,"menuCheckStrictly":true,"menuIds":[1,100,1000,1001,1002,1003,1004,1005,1006,101,1007,1008,1009,1010,1011,102,1012,1013,1014,1015,103,1016,1017,1018,1019,104,1020,1021,1022,1023,1024,105,1025,1026,1027,1028,1029,106,1030,1031,1032,1033,1034,107,1035,1036,1037,1038,108,500,1039,1040,1041,501,1042,1043,1044,1045,2,109,1046,1047,1048,110,1049,1050,1051,1052,1053,1054,111,112,113,114,3,115,116,1055,1056,1057,1058,1059,1060,117],"params":{},"remark":"普通角色","roleId":2,"roleKey":"common","roleName":"普通角色","roleSort":2,"status":"0","updateBy":"admin"}	{"msg":"操作成功","code":200}	0	\N	2023-04-27 09:38:58.934817	25
72	角色管理	2	com.atlas.web.controller.system.SysRoleController.edit()	PUT	1	admin	\N	/system/role	127.0.0.1	内网IP	{"admin":false,"createTime":"2023-04-26 11:17:09","dataScope":"2","delFlag":"0","deptCheckStrictly":true,"flag":false,"menuCheckStrictly":true,"menuIds":[1,100,1000,1001,1002,1003,1004,1005,1006,101,1007,1008,1009,1010,1011,102,1012,1013,1014,1015,103,1016,1017,1018,1019,104,1020,1021,1022,1023,1024,105,1025,1026,1027,1028,1029,106,1030,1031,1032,1033,1034,107,1035,1036,1037,1038,108,500,1039,1040,1041,501,1042,1043,1044,1045,2,109,1046,1047,1048,110,1049,1050,1051,1052,1053,1054,111,112,113,114,3,115,116,1055,1056,1057,1058,1059,1060,117,4],"params":{},"remark":"普通角色","roleId":2,"roleKey":"common","roleName":"普通角色","roleSort":2,"status":"0","updateBy":"admin"}	{"msg":"操作成功","code":200}	0	\N	2023-04-27 09:39:27.618071	12
73	角色管理	2	com.atlas.web.controller.system.SysRoleController.edit()	PUT	1	admin	\N	/system/role	127.0.0.1	内网IP	{"admin":false,"createTime":"2023-04-26 11:17:09","dataScope":"2","delFlag":"0","deptCheckStrictly":true,"flag":false,"menuCheckStrictly":true,"menuIds":[1,100,1000,1001,1002,1003,1004,1005,1006,101,1007,1008,1009,1010,1011,102,1012,1013,1014,1015,103,1016,1017,1018,1019,104,1020,1021,1022,1023,1024,105,1025,1026,1027,1028,1029,106,1030,1031,1032,1033,1034,107,1035,1036,1037,1038,108,500,1039,1040,1041,501,1042,1043,1044,1045,2,109,1046,1047,1048,110,1049,1050,1051,1052,1053,1054,111,112,113,114,3,115,116,1055,1056,1057,1058,1059,1060,117],"params":{},"remark":"普通角色","roleId":2,"roleKey":"common","roleName":"普通角色","roleSort":2,"status":"0","updateBy":"admin"}	{"msg":"操作成功","code":200}	0	\N	2023-04-27 09:39:46.129863	7
74	角色管理	2	com.atlas.web.controller.system.SysRoleController.edit()	PUT	1	admin	\N	/system/role	127.0.0.1	内网IP	{"admin":false,"createTime":"2023-04-26 11:17:09","dataScope":"2","delFlag":"0","deptCheckStrictly":true,"flag":false,"menuCheckStrictly":true,"menuIds":[1,100,1000,1001,1002,1003,1004,1005,1006,101,1007,1008,1009,1010,1011,102,1012,1013,1014,1015,103,1016,1017,1018,1019,104,1020,1021,1022,1023,1024,105,1025,1026,1027,1028,1029,106,1030,1031,1032,1033,1034,107,1035,1036,1037,1038,108,500,1039,1040,1041,501,1042,1043,1044,1045,2,109,1046,1047,1048,110,1049,1050,1051,1052,1053,1054,111,112,113,114,3,115,116,1055,1056,1057,1058,1059,1060,117,4],"params":{},"remark":"普通角色","roleId":2,"roleKey":"common","roleName":"普通角色","roleSort":2,"status":"0","updateBy":"admin"}	{"msg":"操作成功","code":200}	0	\N	2023-04-27 09:39:54.173552	8
75	角色管理	2	com.atlas.web.controller.system.SysRoleController.edit()	PUT	1	admin	\N	/system/role	127.0.0.1	内网IP	{"admin":false,"createTime":"2023-04-26 11:17:09","dataScope":"2","delFlag":"0","deptCheckStrictly":true,"flag":false,"menuCheckStrictly":true,"menuIds":[1,100,1000,1001,1002,1003,1004,1005,1006,101,1007,1008,1009,1010,1011,102,1012,1013,1014,1015,103,1016,1017,1018,1019,104,1020,1021,1022,1023,1024,105,1025,1026,1027,1028,1029,106,1030,1031,1032,1033,1034,107,1035,1036,1037,1038,108,500,1039,1040,1041,501,1042,1043,1044,1045,2,109,1046,1047,1048,110,1049,1050,1051,1052,1053,1054,111,112,113,114,3,115,116,1055,1056,1057,1058,1059,1060,117],"params":{},"remark":"普通角色","roleId":2,"roleKey":"common","roleName":"普通角色","roleSort":2,"status":"0","updateBy":"admin"}	{"msg":"操作成功","code":200}	0	\N	2023-04-27 09:41:08.11639	59
76	角色管理	2	com.atlas.web.controller.system.SysRoleController.edit()	PUT	1	admin	\N	/system/role	127.0.0.1	内网IP	{"admin":false,"createTime":"2023-04-26 11:17:09","dataScope":"2","delFlag":"0","deptCheckStrictly":false,"flag":false,"menuCheckStrictly":false,"menuIds":[1,100,1000,1001,1002,1003,1004,1005,1006,101,1007,1008,1009,1010,1011,102,1012,1013,1014,1015,103,1016,1017,1018,1019,104,1020,1021,1022,1023,1024,105,1025,1026,1027,1028,1029,106,1030,1031,1032,1033,1034,107,1035,1036,1037,1038,108,500,1039,1040,1041,501,1042,1043,1044,1045,2,109,1046,1047,1048,110,1049,1050,1051,1052,1053,1054,111,112,113,114,3,115,116,1055,1056,1057,1058,1059,1060,117,4],"params":{},"remark":"普通角色","roleId":2,"roleKey":"common","roleName":"普通角色","roleSort":2,"status":"0","updateBy":"admin"}	\N	1	\r\n### Error updating database.  Cause: org.postgresql.util.PSQLException: 错误: 语法错误 在 "status" 或附近的\n  位置：204\r\n### The error may exist in file [G:\\workspace\\RuoYi-Vue-master\\atlas-Vue-master\\atlas-system\\target\\classes\\mapper\\system\\SysRoleMapper.xml]\r\n### The error may involve com.atlas.system.mapper.SysRoleMapper.updateRole-Inline\r\n### The error occurred while setting parameters\r\n### SQL: update sys_role     SET role_name = ?,     role_key = ?,     role_sort = ?,     data_scope = ?,                menu_check_strictly = 1,                          dept_check_strictly = 1               status = ?,     remark = ?,     update_by = ?,     update_time = now()     where role_id = ?\r\n### Cause: org.postgresql.util.PSQLException: 错误: 语法错误 在 "status" 或附近的\n  位置：204\n; bad SQL grammar []; nested exception is org.postgresql.util.PSQLException: 错误: 语法错误 在 "status" 或附近的\n  位置：204	2023-04-27 09:41:20.365451	98
110	代码生成	3	com.atlas.generator.controller.GenController.remove()	DELETE	1	admin	\N	/tool/gen/21,20	127.0.0.1	内网IP	{}	{"msg":"操作成功","code":200}	0	\N	2023-04-27 13:32:54.910788	6
111	代码生成	3	com.atlas.generator.controller.GenController.remove()	DELETE	1	admin	\N	/tool/gen/13	127.0.0.1	内网IP	{}	{"msg":"操作成功","code":200}	0	\N	2023-04-27 13:33:00.382077	7
112	代码生成	6	com.atlas.generator.controller.GenController.importTableSave()	POST	1	admin	\N	/tool/gen/importTable	127.0.0.1	内网IP	{"tables":"pill_drug"}	{"msg":"操作成功","code":200}	0	\N	2023-04-27 13:33:09.351759	49
77	角色管理	2	com.atlas.web.controller.system.SysRoleController.edit()	PUT	1	admin	\N	/system/role	127.0.0.1	内网IP	{"admin":false,"createTime":"2023-04-26 11:17:09","dataScope":"2","delFlag":"0","deptCheckStrictly":false,"flag":false,"menuCheckStrictly":false,"menuIds":[1,100,1000,1001,1002,1003,1004,1005,1006,101,1007,1008,1009,1010,1011,102,1012,1013,1014,1015,103,1016,1017,1018,1019,104,1020,1021,1022,1023,1024,105,1025,1026,1027,1028,1029,106,1030,1031,1032,1033,1034,107,1035,1036,1037,1038,108,500,1039,1040,1041,501,1042,1043,1044,1045,2,109,1046,1047,1048,110,1049,1050,1051,1052,1053,1054,111,112,113,114,3,115,116,1055,1056,1057,1058,1059,1060,117,4],"params":{},"remark":"普通角色","roleId":2,"roleKey":"common","roleName":"普通角色","roleSort":2,"status":"0","updateBy":"admin"}	\N	1	\r\n### Error updating database.  Cause: org.postgresql.util.PSQLException: 错误: 语法错误 在 "status" 或附近的\n  位置：204\r\n### The error may exist in file [G:\\workspace\\RuoYi-Vue-master\\atlas-Vue-master\\atlas-system\\target\\classes\\mapper\\system\\SysRoleMapper.xml]\r\n### The error may involve com.atlas.system.mapper.SysRoleMapper.updateRole-Inline\r\n### The error occurred while setting parameters\r\n### SQL: update sys_role     SET role_name = ?,     role_key = ?,     role_sort = ?,     data_scope = ?,                menu_check_strictly = 1,                          dept_check_strictly = 1               status = ?,     remark = ?,     update_by = ?,     update_time = now()     where role_id = ?\r\n### Cause: org.postgresql.util.PSQLException: 错误: 语法错误 在 "status" 或附近的\n  位置：204\n; bad SQL grammar []; nested exception is org.postgresql.util.PSQLException: 错误: 语法错误 在 "status" 或附近的\n  位置：204	2023-04-27 09:42:58.825983	7
78	角色管理	2	com.atlas.web.controller.system.SysRoleController.edit()	PUT	1	admin	\N	/system/role	127.0.0.1	内网IP	{"admin":false,"createTime":"2023-04-26 11:17:09","dataScope":"2","delFlag":"0","deptCheckStrictly":false,"flag":false,"menuCheckStrictly":false,"menuIds":[1,100,1000,1001,1002,1003,1004,1005,1006,101,1007,1008,1009,1010,1011,102,1012,1013,1014,1015,103,1016,1017,1018,1019,104,1020,1021,1022,1023,1024,105,1025,1026,1027,1028,1029,106,1030,1031,1032,1033,1034,107,1035,1036,1037,1038,108,500,1039,1040,1041,501,1042,1043,1044,1045,2,109,1046,1047,1048,110,1049,1050,1051,1052,1053,1054,111,112,113,114,3,115,116,1055,1056,1057,1058,1059,1060,117,4],"params":{},"remark":"普通角色","roleId":2,"roleKey":"common","roleName":"普通角色","roleSort":2,"status":"0","updateBy":"admin"}	\N	1	\r\n### Error updating database.  Cause: org.postgresql.util.PSQLException: 错误: 语法错误 在 "status" 或附近的\n  位置：204\r\n### The error may exist in file [G:\\workspace\\RuoYi-Vue-master\\atlas-Vue-master\\atlas-system\\target\\classes\\mapper\\system\\SysRoleMapper.xml]\r\n### The error may involve com.atlas.system.mapper.SysRoleMapper.updateRole-Inline\r\n### The error occurred while setting parameters\r\n### SQL: update sys_role     SET role_name = ?,     role_key = ?,     role_sort = ?,     data_scope = ?,                menu_check_strictly = 1,                          dept_check_strictly = 1               status = ?,     remark = ?,     update_by = ?,     update_time = now()     where role_id = ?\r\n### Cause: org.postgresql.util.PSQLException: 错误: 语法错误 在 "status" 或附近的\n  位置：204\n; bad SQL grammar []; nested exception is org.postgresql.util.PSQLException: 错误: 语法错误 在 "status" 或附近的\n  位置：204	2023-04-27 09:43:14.715728	6
79	角色管理	2	com.atlas.web.controller.system.SysRoleController.edit()	PUT	1	admin	\N	/system/role	127.0.0.1	内网IP	{"admin":false,"createTime":"2023-04-26 11:17:09","dataScope":"2","delFlag":"0","deptCheckStrictly":false,"flag":false,"menuCheckStrictly":false,"menuIds":[1,100,1000,1001,1002,1003,1004,1005,1006,101,1007,1008,1009,1010,1011,102,1012,1013,1014,1015,103,1016,1017,1018,1019,104,1020,1021,1022,1023,1024,105,1025,1026,1027,1028,1029,106,1030,1031,1032,1033,1034,107,1035,1036,1037,1038,108,500,1039,1040,1041,501,1042,1043,1044,1045,2,109,1046,1047,1048,110,1049,1050,1051,1052,1053,1054,111,112,113,114,3,115,116,1055,1056,1057,1058,1059,1060,117,4],"params":{},"remark":"普通角色","roleId":2,"roleKey":"common","roleName":"普通角色","roleSort":2,"status":"0","updateBy":"admin"}	{"msg":"操作成功","code":200}	0	\N	2023-04-27 09:44:12.692112	27
80	角色管理	2	com.atlas.web.controller.system.SysRoleController.edit()	PUT	1	admin	\N	/system/role	127.0.0.1	内网IP	{"admin":false,"createTime":"2023-04-26 11:17:09","dataScope":"2","delFlag":"0","deptCheckStrictly":false,"flag":false,"menuCheckStrictly":false,"menuIds":[1,100,1000,1001,1002,1003,1004,1005,1006,101,1007,1008,1009,1010,1011,102,1012,1013,1014,1015,103,1016,1017,1018,1019,104,1020,1021,1022,1023,1024,105,1025,1026,1027,1028,1029,106,1030,1031,1032,1033,1034,107,1035,1036,1037,1038,108,500,1039,1040,1041,501,1042,1043,1044,1045,2,109,1046,1047,1048,110,1049,1050,1051,1052,1053,1054,111,112,113,114,3,115,116,1055,1056,1057,1058,1059,1060,117],"params":{},"remark":"普通角色","roleId":2,"roleKey":"common","roleName":"普通角色","roleSort":2,"status":"0","updateBy":"admin"}	{"msg":"操作成功","code":200}	0	\N	2023-04-27 09:44:57.776705	69
81	菜单管理	3	com.atlas.web.controller.system.SysMenuController.remove()	DELETE	1	admin	\N	/system/menu/4	127.0.0.1	内网IP	{}	{"msg":"操作成功","code":200}	0	\N	2023-04-27 09:45:22.732365	12
82	菜单管理	2	com.atlas.web.controller.system.SysMenuController.edit()	PUT	1	admin	\N	/system/menu	127.0.0.1	内网IP	{"children":[],"component":"","createTime":"2023-04-26 11:17:09","icon":"#","isCache":"0","isFrame":"1","menuId":1057,"menuName":"生成删除","menuType":"F","orderNum":7,"params":{},"parentId":116,"path":"#","perms":"tool:gen:remove","query":"","status":"0","updateBy":"admin","visible":"0"}	\N	1	\r\n### Error updating database.  Cause: org.postgresql.util.PSQLException: 错误: 字段 "is_frame" 的类型为 integer, 但表达式的类型为 character varying\n  建议：你需要重写或转换表达式\n  位置：140\r\n### The error may exist in file [G:\\workspace\\RuoYi-Vue-master\\atlas-Vue-master\\atlas-system\\target\\classes\\mapper\\system\\SysMenuMapper.xml]\r\n### The error may involve com.atlas.system.mapper.SysMenuMapper.updateMenu-Inline\r\n### The error occurred while setting parameters\r\n### SQL: update sys_menu    SET menu_name = ?,    parent_id = ?,    order_num = ?,    path = ?,    component = ?,    query = ?,    is_frame = ?,    is_cache = ?,    menu_type = ?,    visible = ?,    status = ?,    perms = ?,    icon = ?,        update_by = ?,    update_time = now()    where menu_id = ?\r\n### Cause: org.postgresql.util.PSQLException: 错误: 字段 "is_frame" 的类型为 integer, 但表达式的类型为 character varying\n  建议：你需要重写或转换表达式\n  位置：140\n; bad SQL grammar []; nested exception is org.postgresql.util.PSQLException: 错误: 字段 "is_frame" 的类型为 integer, 但表达式的类型为 character varying\n  建议：你需要重写或转换表达式\n  位置：140	2023-04-27 09:47:39.518527	59
83	菜单管理	2	com.atlas.web.controller.system.SysMenuController.edit()	PUT	1	admin	\N	/system/menu	127.0.0.1	内网IP	{"children":[],"component":"","createTime":"2023-04-26 11:17:09","icon":"#","isCache":"0","isFrame":"1","menuId":1057,"menuName":"生成删除","menuType":"F","orderNum":7,"params":{},"parentId":116,"path":"#","perms":"tool:gen:remove","query":"","status":"0","updateBy":"admin","visible":"0"}	\N	1	\r\n### Error updating database.  Cause: org.postgresql.util.PSQLException: 错误: 字段 "is_cache" 的类型为 integer, 但表达式的类型为 character varying\n  建议：你需要重写或转换表达式\n  位置：158\r\n### The error may exist in file [G:\\workspace\\RuoYi-Vue-master\\atlas-Vue-master\\atlas-system\\target\\classes\\mapper\\system\\SysMenuMapper.xml]\r\n### The error may involve com.atlas.system.mapper.SysMenuMapper.updateMenu-Inline\r\n### The error occurred while setting parameters\r\n### SQL: update sys_menu    SET menu_name = ?,    parent_id = ?,    order_num = ?,    path = ?,    component = ?,    query = ?,    is_frame = ?,    is_cache = ?,    menu_type = ?,    visible = ?,    status = ?,    perms = ?,    icon = ?,        update_by = ?,    update_time = now()    where menu_id = ?\r\n### Cause: org.postgresql.util.PSQLException: 错误: 字段 "is_cache" 的类型为 integer, 但表达式的类型为 character varying\n  建议：你需要重写或转换表达式\n  位置：158\n; bad SQL grammar []; nested exception is org.postgresql.util.PSQLException: 错误: 字段 "is_cache" 的类型为 integer, 但表达式的类型为 character varying\n  建议：你需要重写或转换表达式\n  位置：158	2023-04-27 09:49:10.558051	14
84	菜单管理	2	com.atlas.web.controller.system.SysMenuController.edit()	PUT	1	admin	\N	/system/menu	127.0.0.1	内网IP	{"children":[],"component":"","createTime":"2023-04-26 11:17:09","icon":"#","isCache":"0","isFrame":"1","menuId":1057,"menuName":"生成删除","menuType":"F","orderNum":7,"params":{},"parentId":116,"path":"#","perms":"tool:gen:remove","query":"","status":"0","updateBy":"admin","visible":"0"}	{"msg":"操作成功","code":200}	0	\N	2023-04-27 09:49:33.316285	6
85	菜单管理	2	com.atlas.web.controller.system.SysMenuController.edit()	PUT	1	admin	\N	/system/menu	127.0.0.1	内网IP	{"children":[],"component":"","createTime":"2023-04-26 11:17:09","icon":"#","isCache":"0","isFrame":"1","menuId":1057,"menuName":"生成删除","menuType":"F","orderNum":3,"params":{},"parentId":116,"path":"#","perms":"tool:gen:remove","query":"","status":"0","updateBy":"admin","visible":"0"}	{"msg":"操作成功","code":200}	0	\N	2023-04-27 09:49:51.139822	16
86	部门管理	2	com.atlas.web.controller.system.SysDeptController.edit()	PUT	1	admin	\N	/system/dept	127.0.0.1	内网IP	{"ancestors":"0,100,101","children":[],"deptId":103,"deptName":"研发部门","email":"ry@qq.com","leader":"若依","orderNum":6,"params":{},"parentId":101,"parentName":"深圳总公司","phone":"15888888888","status":"0","updateBy":"admin"}	{"msg":"操作成功","code":200}	0	\N	2023-04-27 09:50:07.445312	35
87	岗位管理	1	com.atlas.web.controller.system.SysPostController.add()	POST	1	admin	\N	/system/post	127.0.0.1	内网IP	{"createBy":"admin","flag":false,"params":{},"postCode":"5","postName":"是根深蒂固","postSort":0,"status":"0"}	\N	1	\r\n### Error updating database.  Cause: org.postgresql.util.PSQLException: 错误: null value in column "post_id" of relation "sys_post" violates not-null constraint\n  详细：失败, 行包含(null, 5, 是根深蒂固, 0, 0, admin, 2023-04-27 09:50:36.792098, null, null, null).\r\n### The error may exist in file [G:\\workspace\\RuoYi-Vue-master\\atlas-Vue-master\\atlas-system\\target\\classes\\mapper\\system\\SysPostMapper.xml]\r\n### The error may involve com.atlas.system.mapper.SysPostMapper.insertPost-Inline\r\n### The error occurred while setting parameters\r\n### SQL: insert into sys_post(            post_code,       post_name,       post_sort,       status,             create_by,      create_time    )values(            ?,       ?,       ?,       ?,             ?,      now()    )\r\n### Cause: org.postgresql.util.PSQLException: 错误: null value in column "post_id" of relation "sys_post" violates not-null constraint\n  详细：失败, 行包含(null, 5, 是根深蒂固, 0, 0, admin, 2023-04-27 09:50:36.792098, null, null, null).\n; 错误: null value in column "post_id" of relation "sys_post" violates not-null constraint\n  详细：失败, 行包含(null, 5, 是根深蒂固, 0, 0, admin, 2023-04-27 09:50:36.792098, null, null, null).; nested exception is org.postgresql.util.PSQLException: 错误: null value in column "post_id" of relation "sys_post" violates not-null constraint\n  详细：失败, 行包含(null, 5, 是根深蒂固, 0, 0, admin, 2023-04-27 09:50:36.792098, null, null, null).	2023-04-27 09:50:36.828827	18
88	岗位管理	1	com.atlas.web.controller.system.SysPostController.add()	POST	1	admin	\N	/system/post	127.0.0.1	内网IP	{"createBy":"admin","flag":false,"params":{},"postCode":"5","postName":"是根深蒂固","postSort":0,"status":"0"}	\N	1	\r\n### Error updating database.  Cause: org.postgresql.util.PSQLException: 错误: null value in column "post_id" of relation "sys_post" violates not-null constraint\n  详细：失败, 行包含(null, 5, 是根深蒂固, 0, 0, admin, 2023-04-27 09:52:59.220119, null, null, null).\r\n### The error may exist in file [G:\\workspace\\RuoYi-Vue-master\\atlas-Vue-master\\atlas-system\\target\\classes\\mapper\\system\\SysPostMapper.xml]\r\n### The error may involve com.atlas.system.mapper.SysPostMapper.insertPost-Inline\r\n### The error occurred while setting parameters\r\n### SQL: insert into sys_post(            post_code,       post_name,       post_sort,       status,             create_by,      create_time    )values(            ?,       ?,       ?,       ?,             ?,      now()    )\r\n### Cause: org.postgresql.util.PSQLException: 错误: null value in column "post_id" of relation "sys_post" violates not-null constraint\n  详细：失败, 行包含(null, 5, 是根深蒂固, 0, 0, admin, 2023-04-27 09:52:59.220119, null, null, null).\n; 错误: null value in column "post_id" of relation "sys_post" violates not-null constraint\n  详细：失败, 行包含(null, 5, 是根深蒂固, 0, 0, admin, 2023-04-27 09:52:59.220119, null, null, null).; nested exception is org.postgresql.util.PSQLException: 错误: null value in column "post_id" of relation "sys_post" violates not-null constraint\n  详细：失败, 行包含(null, 5, 是根深蒂固, 0, 0, admin, 2023-04-27 09:52:59.220119, null, null, null).	2023-04-27 09:52:59.24143	15
89	岗位管理	1	com.atlas.web.controller.system.SysPostController.add()	POST	1	admin	\N	/system/post	127.0.0.1	内网IP	{"createBy":"admin","flag":false,"params":{},"postCode":"5","postId":5,"postName":"是根深蒂固","postSort":0,"status":"0"}	{"msg":"操作成功","code":200}	0	\N	2023-04-27 09:54:41.647941	38
90	岗位管理	3	com.atlas.web.controller.system.SysPostController.remove()	DELETE	1	admin	\N	/system/post/5	127.0.0.1	内网IP	{}	{"msg":"操作成功","code":200}	0	\N	2023-04-27 09:54:47.715758	7
91	字典类型	1	com.atlas.web.controller.system.SysDictTypeController.add()	POST	1	admin	\N	/system/dict/type	127.0.0.1	内网IP	{"createBy":"admin","dictName":"药品类型","dictType":"pil_s_type","params":{},"status":"0"}	\N	1	\r\n### Error updating database.  Cause: org.postgresql.util.PSQLException: 错误: null value in column "dict_id" of relation "sys_dict_type" violates not-null constraint\n  详细：失败, 行包含(null, 药品类型, pil_s_type, 0, admin, 2023-04-27 09:55:24.138867, null, null, null).\r\n### The error may exist in file [G:\\workspace\\RuoYi-Vue-master\\atlas-Vue-master\\atlas-system\\target\\classes\\mapper\\system\\SysDictTypeMapper.xml]\r\n### The error may involve com.atlas.system.mapper.SysDictTypeMapper.insertDictType-Inline\r\n### The error occurred while setting parameters\r\n### SQL: insert into sys_dict_type(      dict_name,       dict_type,       status,             create_by,      create_time    )values(      ?,       ?,       ?,             ?,      now()    )\r\n### Cause: org.postgresql.util.PSQLException: 错误: null value in column "dict_id" of relation "sys_dict_type" violates not-null constraint\n  详细：失败, 行包含(null, 药品类型, pil_s_type, 0, admin, 2023-04-27 09:55:24.138867, null, null, null).\n; 错误: null value in column "dict_id" of relation "sys_dict_type" violates not-null constraint\n  详细：失败, 行包含(null, 药品类型, pil_s_type, 0, admin, 2023-04-27 09:55:24.138867, null, null, null).; nested exception is org.postgresql.util.PSQLException: 错误: null value in column "dict_id" of relation "sys_dict_type" violates not-null constraint\n  详细：失败, 行包含(null, 药品类型, pil_s_type, 0, admin, 2023-04-27 09:55:24.138867, null, null, null).	2023-04-27 09:55:24.162786	9
92	字典类型	1	com.atlas.web.controller.system.SysDictTypeController.add()	POST	1	admin	\N	/system/dict/type	127.0.0.1	内网IP	{"createBy":"admin","dictName":"药品类型","dictType":"pil_s_type","params":{},"status":"0"}	{"msg":"操作成功","code":200}	0	\N	2023-04-27 09:59:29.044092	24
93	字典类型	2	com.atlas.web.controller.system.SysDictTypeController.edit()	PUT	1	admin	\N	/system/dict/type	127.0.0.1	内网IP	{"createBy":"admin","createTime":"2023-04-27 09:59:28","dictId":11,"dictName":"药品类型","dictType":"pil_s_type","params":{},"remark":"二个废人","status":"0","updateBy":"admin"}	{"msg":"操作成功","code":200}	0	\N	2023-04-27 09:59:52.598325	15
94	字典类型	3	com.atlas.web.controller.system.SysDictTypeController.remove()	DELETE	1	admin	\N	/system/dict/type/11	127.0.0.1	内网IP	{}	{"msg":"操作成功","code":200}	0	\N	2023-04-27 10:00:00.264987	18
95	参数管理	2	com.atlas.web.controller.system.SysConfigController.edit()	PUT	1	admin	\N	/system/config	127.0.0.1	内网IP	{"configId":6,"configKey":"sys.login.blackIPList","configName":"用户登录-黑名单列表","configType":"Y","configValue":"true","createBy":"admin","createTime":"2023-04-26 11:17:10","params":{},"remark":"设置登录IP黑名单限制，多个匹配项以;分隔，支持匹配（*通配、网段）","updateBy":"admin"}	{"msg":"操作成功","code":200}	0	\N	2023-04-27 10:00:15.191812	15
96	参数管理	2	com.atlas.web.controller.system.SysConfigController.edit()	PUT	1	admin	\N	/system/config	127.0.0.1	内网IP	{"configId":6,"configKey":"sys.login.blackIPList","configName":"用户登录-黑名单列表","configType":"Y","configValue":"1","createBy":"admin","createTime":"2023-04-26 11:17:10","params":{},"remark":"设置登录IP黑名单限制，多个匹配项以;分隔，支持匹配（*通配、网段）","updateBy":"admin","updateTime":"2023-04-27 10:00:15"}	{"msg":"操作成功","code":200}	0	\N	2023-04-27 10:00:28.327036	8
97	代码生成	6	com.atlas.generator.controller.GenController.importTableSave()	POST	1	admin	\N	/tool/gen/importTable	127.0.0.1	内网IP	{"tables":"pil_sy"}	{"msg":"操作成功","code":200}	0	\N	2023-04-27 10:08:05.468269	71
98	代码生成	8	com.atlas.generator.controller.GenController.batchGenCode()	GET	1	admin	\N	/tool/gen/batchGenCode	127.0.0.1	内网IP	{"tables":"pil_sy"}	\N	0	\N	2023-04-27 10:08:18.007216	111
99	代码生成	3	com.atlas.generator.controller.GenController.remove()	DELETE	1	admin	\N	/tool/gen/12	127.0.0.1	内网IP	{}	{"msg":"操作成功","code":200}	0	\N	2023-04-27 10:53:18.168821	38
100	代码生成	6	com.atlas.generator.controller.GenController.importTableSave()	POST	1	admin	\N	/tool/gen/importTable	127.0.0.1	内网IP	{"tables":"pill_factory"}	{"msg":"操作成功","code":200}	0	\N	2023-04-27 10:53:36.666283	148
101	代码生成	6	com.atlas.generator.controller.GenController.importTableSave()	POST	1	admin	\N	/tool/gen/importTable	127.0.0.1	内网IP	{"tables":"sys_dept"}	{"msg":"操作成功","code":200}	0	\N	2023-04-27 11:39:30.690807	138
102	代码生成	3	com.atlas.generator.controller.GenController.remove()	DELETE	1	admin	\N	/tool/gen/14	127.0.0.1	内网IP	{}	{"msg":"操作成功","code":200}	0	\N	2023-04-27 12:34:43.954043	27
103	代码生成	6	com.atlas.generator.controller.GenController.importTableSave()	POST	1	admin	\N	/tool/gen/importTable	127.0.0.1	内网IP	{"tables":"sys_dept"}	\N	1	导入失败：\r\n### Error querying database.  Cause: org.postgresql.util.PSQLException: 错误: 作为一个表达式使用的子查询返回了多列\r\n### The error may exist in file [G:\\workspace\\RuoYi-Vue-master\\atlas-Vue-master\\atlas-generator\\target\\classes\\mapper\\generator\\GenTableColumnMapper.xml]\r\n### The error may involve com.atlas.generator.mapper.GenTableColumnMapper.selectDbTableColumnsByName-Inline\r\n### The error occurred while setting parameters\r\n### SQL: SELECT column_name,                CASE WHEN is_nullable = 'NO' AND column_name NOT IN (SELECT column_name FROM information_schema.key_column_usage WHERE table_catalog = current_database() AND table_schema = 'public' AND constraint_name LIKE '%_pkey') THEN '1' ELSE NULL END AS is_required,                CASE WHEN column_name IN (SELECT column_name FROM information_schema.key_column_usage WHERE table_catalog = current_database() AND table_schema = 'public' AND constraint_name LIKE '%_pkey') THEN '1' ELSE '0' END AS is_pk,                ordinal_position AS sort,                (SELECT description FROM pg_description WHERE objoid = (SELECT oid FROM pg_class WHERE relname = ?) ) AS column_comment,                CASE WHEN attnum = (SELECT attnum FROM pg_attribute WHERE attrelid = (SELECT oid FROM pg_class WHERE relname = ?) AND attname = 'column_name') AND attidentity = 'a' THEN '1' ELSE '0' END AS is_increment,                data_type AS column_type         FROM information_schema.columns                  JOIN pg_attribute ON (attrelid = (SELECT oid FROM pg_class WHERE relname = ?) AND attname = column_name)         WHERE table_catalog = current_database() AND table_schema = 'public' and table_name = (?)         order by ordinal_position\r\n### Cause: org.postgresql.util.PSQLException: 错误: 作为一个表达式使用的子查询返回了多列\n; 错误: 作为一个表达式使用的子查询返回了多列; nested exception is org.postgresql.util.PSQLException: 错误: 作为一个表达式使用的子查询返回了多列	2023-04-27 12:34:48.258011	141
104	代码生成	6	com.atlas.generator.controller.GenController.importTableSave()	POST	1	admin	\N	/tool/gen/importTable	127.0.0.1	内网IP	{"tables":"sys_dept"}	\N	1	导入失败：\r\n### Error querying database.  Cause: org.postgresql.util.PSQLException: 错误: 作为一个表达式使用的子查询返回了多列\r\n### The error may exist in file [G:\\workspace\\RuoYi-Vue-master\\atlas-Vue-master\\atlas-generator\\target\\classes\\mapper\\generator\\GenTableColumnMapper.xml]\r\n### The error may involve com.atlas.generator.mapper.GenTableColumnMapper.selectDbTableColumnsByName-Inline\r\n### The error occurred while setting parameters\r\n### SQL: SELECT column_name,                CASE WHEN is_nullable = 'NO' AND column_name NOT IN (SELECT column_name FROM information_schema.key_column_usage WHERE table_catalog = current_database() AND table_schema = 'public' AND constraint_name LIKE '%_pkey') THEN '1' ELSE NULL END AS is_required,                CASE WHEN column_name IN (SELECT column_name FROM information_schema.key_column_usage WHERE table_catalog = current_database() AND table_schema = 'public' AND constraint_name LIKE '%_pkey') THEN '1' ELSE '0' END AS is_pk,                ordinal_position AS sort,                (SELECT description FROM pg_description WHERE objoid = (SELECT oid FROM pg_class WHERE relname = ?) ) AS column_comment,                CASE WHEN attnum = (SELECT attnum FROM pg_attribute WHERE attrelid = (SELECT oid FROM pg_class WHERE relname = ?) AND attname = 'column_name') AND attidentity = 'a' THEN '1' ELSE '0' END AS is_increment,                data_type AS column_type         FROM information_schema.columns                  JOIN pg_attribute ON (attrelid = (SELECT oid FROM pg_class WHERE relname = ?) AND attname = column_name)         WHERE table_catalog = current_database() AND table_schema = 'public' and table_name = (?)         order by ordinal_position\r\n### Cause: org.postgresql.util.PSQLException: 错误: 作为一个表达式使用的子查询返回了多列\n; 错误: 作为一个表达式使用的子查询返回了多列; nested exception is org.postgresql.util.PSQLException: 错误: 作为一个表达式使用的子查询返回了多列	2023-04-27 13:09:39.071514	36
105	代码生成	6	com.atlas.generator.controller.GenController.importTableSave()	POST	1	admin	\N	/tool/gen/importTable	127.0.0.1	内网IP	{"tables":"sys_dept"}	{"msg":"操作成功","code":200}	0	\N	2023-04-27 13:11:37.483854	81177
113	代码生成	2	com.atlas.generator.controller.GenController.editSave()	PUT	1	admin	\N	/tool/gen	127.0.0.1	内网IP	{"businessName":"drug","className":"PillDrug","columns":[{"capJavaField":"DrugId","columnComment":"药品ID","columnId":145,"columnName":"drug_id","columnType":"bigint","createBy":"admin","createTime":"2023-04-27 13:33:09","edit":false,"htmlType":"input","increment":true,"insert":true,"isIncrement":"1","isInsert":"1","isPk":"1","javaField":"drugId","javaType":"Long","list":false,"params":{},"pk":true,"query":false,"queryType":"EQ","required":false,"sort":1,"superColumn":false,"tableId":22,"usableColumn":false},{"capJavaField":"DrugName","columnComment":"药品名称","columnId":146,"columnName":"drug_name","columnType":"character varying(50)","createBy":"admin","createTime":"2023-04-27 13:33:09","edit":true,"increment":false,"insert":true,"isEdit":"1","isIncrement":"0","isInsert":"1","isList":"1","isPk":"0","isQuery":"1","javaField":"drugName","javaType":"String","list":true,"params":{},"pk":false,"query":true,"queryType":"LIKE","required":false,"sort":2,"superColumn":false,"tableId":22,"usableColumn":false},{"capJavaField":"DrugCode","columnComment":"药品编码","columnId":147,"columnName":"drug_code","columnType":"character varying(50)","createBy":"admin","createTime":"2023-04-27 13:33:09","edit":true,"increment":false,"insert":true,"isEdit":"1","isIncrement":"0","isInsert":"1","isList":"1","isPk":"0","isQuery":"1","javaField":"drugCode","javaType":"String","list":true,"params":{},"pk":false,"query":true,"queryType":"EQ","required":false,"sort":3,"superColumn":false,"tableId":22,"usableColumn":false},{"capJavaField":"FactoryId","columnComment":"生产厂家","columnId":148,"columnName":"factory_id","columnType":"bigint","createBy":"admin","createTime":"2023-04-27 13:33:09","edit":true,"htmlType":"input","increment":false,"insert":true,"isEdit":"1","isIncrement":"0","isInsert":"1","isList":"1","isPk":"0","isQuery":"1","javaField":"factoryId","javaType":"Long","list":true,"params":{},"pk":false,"query":true,"queryType":"EQ","required":false,"sort":4,"superColumn":false,"tableId":22,"usableCo	{"msg":"操作成功","code":200}	0	\N	2023-04-27 13:48:50.788709	97
114	代码生成	2	com.atlas.generator.controller.GenController.editSave()	PUT	1	admin	\N	/tool/gen	127.0.0.1	内网IP	{"businessName":"drug","className":"PillDrug","columns":[{"capJavaField":"DrugId","columnComment":"药品ID","columnId":145,"columnName":"drug_id","columnType":"bigint","createBy":"admin","createTime":"2023-04-27 13:33:09","edit":false,"htmlType":"input","increment":true,"insert":true,"isIncrement":"1","isInsert":"1","isPk":"1","javaField":"drugId","javaType":"Long","list":false,"params":{},"pk":true,"query":false,"queryType":"EQ","required":false,"sort":1,"superColumn":false,"tableId":22,"updateTime":"2023-04-27 13:48:50","usableColumn":false},{"capJavaField":"DrugName","columnComment":"药品名称","columnId":146,"columnName":"drug_name","columnType":"character varying(50)","createBy":"admin","createTime":"2023-04-27 13:33:09","edit":true,"increment":false,"insert":true,"isEdit":"1","isIncrement":"0","isInsert":"1","isList":"1","isPk":"0","isQuery":"1","javaField":"drugName","javaType":"String","list":true,"params":{},"pk":false,"query":true,"queryType":"EQ","required":false,"sort":2,"superColumn":false,"tableId":22,"updateTime":"2023-04-27 13:48:50","usableColumn":false},{"capJavaField":"DrugCode","columnComment":"药品编码","columnId":147,"columnName":"drug_code","columnType":"character varying(50)","createBy":"admin","createTime":"2023-04-27 13:33:09","edit":true,"increment":false,"insert":true,"isEdit":"1","isIncrement":"0","isInsert":"1","isList":"1","isPk":"0","isQuery":"1","javaField":"drugCode","javaType":"String","list":true,"params":{},"pk":false,"query":true,"queryType":"EQ","required":false,"sort":3,"superColumn":false,"tableId":22,"updateTime":"2023-04-27 13:48:50","usableColumn":false},{"capJavaField":"FactoryId","columnComment":"生产厂家","columnId":148,"columnName":"factory_id","columnType":"bigint","createBy":"admin","createTime":"2023-04-27 13:33:09","edit":true,"htmlType":"input","increment":false,"insert":true,"isEdit":"1","isIncrement":"0","isInsert":"1","isList":"1","isPk":"0","isQuery":"1","javaField":"factoryId","javaType":"Long","list":true,"params":{},"pk":f	{"msg":"操作成功","code":200}	0	\N	2023-04-27 13:48:58.707913	38
115	代码生成	2	com.atlas.generator.controller.GenController.editSave()	PUT	1	admin	\N	/tool/gen	127.0.0.1	内网IP	{"businessName":"drug","className":"PillDrug","columns":[{"capJavaField":"DrugId","columnComment":"药品ID","columnId":145,"columnName":"drug_id","columnType":"bigint","createBy":"admin","createTime":"2023-04-27 13:33:09","edit":false,"htmlType":"input","increment":true,"insert":true,"isIncrement":"1","isInsert":"1","isPk":"1","javaField":"drugId","javaType":"Long","list":false,"params":{},"pk":true,"query":false,"queryType":"EQ","required":false,"sort":1,"superColumn":false,"tableId":22,"updateTime":"2023-04-27 13:48:58","usableColumn":false},{"capJavaField":"DrugName","columnComment":"药品名称","columnId":146,"columnName":"drug_name","columnType":"character varying(50)","createBy":"admin","createTime":"2023-04-27 13:33:09","edit":true,"increment":false,"insert":true,"isEdit":"1","isIncrement":"0","isInsert":"1","isList":"1","isPk":"0","isQuery":"1","javaField":"drugName","javaType":"String","list":true,"params":{},"pk":false,"query":true,"queryType":"LIKE","required":false,"sort":2,"superColumn":false,"tableId":22,"updateTime":"2023-04-27 13:48:58","usableColumn":false},{"capJavaField":"DrugCode","columnComment":"药品编码","columnId":147,"columnName":"drug_code","columnType":"character varying(50)","createBy":"admin","createTime":"2023-04-27 13:33:09","edit":true,"increment":false,"insert":true,"isEdit":"1","isIncrement":"0","isInsert":"1","isList":"1","isPk":"0","isQuery":"1","javaField":"drugCode","javaType":"String","list":true,"params":{},"pk":false,"query":true,"queryType":"EQ","required":false,"sort":3,"superColumn":false,"tableId":22,"updateTime":"2023-04-27 13:48:58","usableColumn":false},{"capJavaField":"FactoryId","columnComment":"生产厂家","columnId":148,"columnName":"factory_id","columnType":"bigint","createBy":"admin","createTime":"2023-04-27 13:33:09","edit":true,"htmlType":"input","increment":false,"insert":true,"isEdit":"1","isIncrement":"0","isInsert":"1","isList":"1","isPk":"0","isQuery":"1","javaField":"factoryId","javaType":"Long","list":true,"params":{},"pk"	{"msg":"操作成功","code":200}	0	\N	2023-04-27 13:49:16.041068	30
\.


--
-- Data for Name: sys_post; Type: TABLE DATA; Schema: public; Owner: postgres
--

COPY public.sys_post (post_id, post_code, post_name, post_sort, status, create_by, create_time, update_by, update_time, remark) FROM stdin;
1	ceo	董事长	1	0	admin	2023-04-26 11:17:09		\N	
2	se	项目经理	2	0	admin	2023-04-26 11:17:09		\N	
3	hr	人力资源	3	0	admin	2023-04-26 11:17:09		\N	
4	user	普通员工	4	0	admin	2023-04-26 11:17:09		\N	
\.


--
-- Data for Name: sys_role; Type: TABLE DATA; Schema: public; Owner: postgres
--

COPY public.sys_role (role_id, role_name, role_key, role_sort, data_scope, menu_check_strictly, dept_check_strictly, status, del_flag, create_by, create_time, update_by, update_time, remark) FROM stdin;
1	超级管理员	admin	1	1	1	1	0	0	admin	2023-04-26 11:17:09		\N	超级管理员
2	普通角色	common	2	2	0	0	0	0	admin	2023-04-26 11:17:09	admin	2023-04-27 09:44:57.712707	普通角色
\.


--
-- Data for Name: sys_role_dept; Type: TABLE DATA; Schema: public; Owner: postgres
--

COPY public.sys_role_dept (role_id, dept_id) FROM stdin;
2	100
2	101
2	105
\.


--
-- Data for Name: sys_role_menu; Type: TABLE DATA; Schema: public; Owner: postgres
--

COPY public.sys_role_menu (role_id, menu_id) FROM stdin;
2	1
2	100
2	1000
2	1001
2	1002
2	1003
2	1004
2	1005
2	1006
2	101
2	1007
2	1008
2	1009
2	1010
2	1011
2	102
2	1012
2	1013
2	1014
2	1015
2	103
2	1016
2	1017
2	1018
2	1019
2	104
2	1020
2	1021
2	1022
2	1023
2	1024
2	105
2	1025
2	1026
2	1027
2	1028
2	1029
2	106
2	1030
2	1031
2	1032
2	1033
2	1034
2	107
2	1035
2	1036
2	1037
2	1038
2	108
2	500
2	1039
2	1040
2	1041
2	501
2	1042
2	1043
2	1044
2	1045
2	2
2	109
2	1046
2	1047
2	1048
2	110
2	1049
2	1050
2	1051
2	1052
2	1053
2	1054
2	111
2	112
2	113
2	114
2	3
2	115
2	116
2	1055
2	1056
2	1057
2	1058
2	1059
2	1060
2	117
\.


--
-- Data for Name: sys_user; Type: TABLE DATA; Schema: public; Owner: postgres
--

COPY public.sys_user (user_id, dept_id, user_name, nick_name, user_type, email, phonenumber, sex, avatar, password, status, del_flag, login_ip, login_date, create_by, create_time, update_by, update_time, remark) FROM stdin;
2	105	ry	若依	00	ry@qq.com	15666666666	1		$2a$10$7JB720yubVSZvUI0rEqK/.VqGOZTH.ulu33dHOiBE8ByOhJIrdAu2	0	0	127.0.0.1	2023-04-26 11:17:09	admin	2023-04-26 11:17:09		\N	测试员
1	103	admin	若依	00	ry@163.com	15888888888	1		$2a$10$7JB720yubVSZvUI0rEqK/.VqGOZTH.ulu33dHOiBE8ByOhJIrdAu2	0	0	127.0.0.1	2023-04-27 13:39:41.531	admin	2023-04-26 11:17:09		2023-04-27 13:39:41.539356	管理员
\.


--
-- Data for Name: sys_user_post; Type: TABLE DATA; Schema: public; Owner: postgres
--

COPY public.sys_user_post (user_id, post_id) FROM stdin;
1	1
2	2
\.


--
-- Data for Name: sys_user_role; Type: TABLE DATA; Schema: public; Owner: postgres
--

COPY public.sys_user_role (user_id, role_id) FROM stdin;
1	1
2	2
\.


--
-- Data for Name: geocode_settings; Type: TABLE DATA; Schema: tiger; Owner: postgres
--

COPY tiger.geocode_settings (name, setting, unit, category, short_desc) FROM stdin;
\.


--
-- Data for Name: pagc_gaz; Type: TABLE DATA; Schema: tiger; Owner: postgres
--

COPY tiger.pagc_gaz (id, seq, word, stdword, token, is_custom) FROM stdin;
\.


--
-- Data for Name: pagc_lex; Type: TABLE DATA; Schema: tiger; Owner: postgres
--

COPY tiger.pagc_lex (id, seq, word, stdword, token, is_custom) FROM stdin;
\.


--
-- Data for Name: pagc_rules; Type: TABLE DATA; Schema: tiger; Owner: postgres
--

COPY tiger.pagc_rules (id, rule, is_custom) FROM stdin;
\.


--
-- Data for Name: topology; Type: TABLE DATA; Schema: topology; Owner: postgres
--

COPY topology.topology (id, name, srid, "precision", hasz) FROM stdin;
\.


--
-- Data for Name: layer; Type: TABLE DATA; Schema: topology; Owner: postgres
--

COPY topology.layer (topology_id, layer_id, schema_name, table_name, feature_column, feature_type, level, child_id) FROM stdin;
\.


--
-- Name: gen_table_column_id_seq; Type: SEQUENCE SET; Schema: public; Owner: postgres
--

SELECT pg_catalog.setval('public.gen_table_column_id_seq', 161, true);


--
-- Name: gen_table_id_seq; Type: SEQUENCE SET; Schema: public; Owner: postgres
--

SELECT pg_catalog.setval('public.gen_table_id_seq', 22, true);


--
-- Name: pill_drug_id_seq; Type: SEQUENCE SET; Schema: public; Owner: postgres
--

SELECT pg_catalog.setval('public.pill_drug_id_seq', 103, false);


--
-- Name: pill_factory_id_seq; Type: SEQUENCE SET; Schema: public; Owner: postgres
--

SELECT pg_catalog.setval('public.pill_factory_id_seq', 105, false);


--
-- Name: sys_dept_id_seq; Type: SEQUENCE SET; Schema: public; Owner: postgres
--

SELECT pg_catalog.setval('public.sys_dept_id_seq', 110, false);


--
-- Name: sys_dict_data_id_seq; Type: SEQUENCE SET; Schema: public; Owner: postgres
--

SELECT pg_catalog.setval('public.sys_dict_data_id_seq', 11, false);


--
-- Name: sys_dict_type_id_seq; Type: SEQUENCE SET; Schema: public; Owner: postgres
--

SELECT pg_catalog.setval('public.sys_dict_type_id_seq', 11, true);


--
-- Name: sys_job_id_seq; Type: SEQUENCE SET; Schema: public; Owner: postgres
--

SELECT pg_catalog.setval('public.sys_job_id_seq', 5, false);


--
-- Name: sys_logininfor_id_seq; Type: SEQUENCE SET; Schema: public; Owner: postgres
--

SELECT pg_catalog.setval('public.sys_logininfor_id_seq', 15, true);


--
-- Name: sys_menu_id_seq; Type: SEQUENCE SET; Schema: public; Owner: postgres
--

SELECT pg_catalog.setval('public.sys_menu_id_seq', 1064, true);


--
-- Name: sys_oper_log_id_seq; Type: SEQUENCE SET; Schema: public; Owner: postgres
--

SELECT pg_catalog.setval('public.sys_oper_log_id_seq', 115, true);


--
-- Name: sys_post_id_seq; Type: SEQUENCE SET; Schema: public; Owner: postgres
--

SELECT pg_catalog.setval('public.sys_post_id_seq', 5, true);


--
-- Name: sys_role_id_seq; Type: SEQUENCE SET; Schema: public; Owner: postgres
--

SELECT pg_catalog.setval('public.sys_role_id_seq', 2, false);


--
-- Name: sys_user_id_seq; Type: SEQUENCE SET; Schema: public; Owner: postgres
--

SELECT pg_catalog.setval('public.sys_user_id_seq', 5, true);


--
-- Name: gen_table_column gen_table_column_pkey; Type: CONSTRAINT; Schema: public; Owner: postgres
--

ALTER TABLE ONLY public.gen_table_column
    ADD CONSTRAINT gen_table_column_pkey PRIMARY KEY (column_id);


--
-- Name: gen_table gen_table_pkey; Type: CONSTRAINT; Schema: public; Owner: postgres
--

ALTER TABLE ONLY public.gen_table
    ADD CONSTRAINT gen_table_pkey PRIMARY KEY (table_id);


--
-- Name: pill_drug pill_drug_pkey; Type: CONSTRAINT; Schema: public; Owner: postgres
--

ALTER TABLE ONLY public.pill_drug
    ADD CONSTRAINT pill_drug_pkey PRIMARY KEY (drug_id);


--
-- Name: pill_factory pill_factory_pkey; Type: CONSTRAINT; Schema: public; Owner: postgres
--

ALTER TABLE ONLY public.pill_factory
    ADD CONSTRAINT pill_factory_pkey PRIMARY KEY (factory_id);


--
-- Name: qrtz_blob_triggers qrtz_blob_triggers_pkey; Type: CONSTRAINT; Schema: public; Owner: postgres
--

ALTER TABLE ONLY public.qrtz_blob_triggers
    ADD CONSTRAINT qrtz_blob_triggers_pkey PRIMARY KEY (sched_name, trigger_name, trigger_group);


--
-- Name: qrtz_calendars qrtz_calendars_pkey; Type: CONSTRAINT; Schema: public; Owner: postgres
--

ALTER TABLE ONLY public.qrtz_calendars
    ADD CONSTRAINT qrtz_calendars_pkey PRIMARY KEY (sched_name, calendar_name);


--
-- Name: qrtz_cron_triggers qrtz_cron_triggers_pkey; Type: CONSTRAINT; Schema: public; Owner: postgres
--

ALTER TABLE ONLY public.qrtz_cron_triggers
    ADD CONSTRAINT qrtz_cron_triggers_pkey PRIMARY KEY (sched_name, trigger_name, trigger_group);


--
-- Name: qrtz_fired_triggers qrtz_fired_triggers_pkey; Type: CONSTRAINT; Schema: public; Owner: postgres
--

ALTER TABLE ONLY public.qrtz_fired_triggers
    ADD CONSTRAINT qrtz_fired_triggers_pkey PRIMARY KEY (sched_name, entry_id);


--
-- Name: qrtz_job_details qrtz_job_details_pkey; Type: CONSTRAINT; Schema: public; Owner: postgres
--

ALTER TABLE ONLY public.qrtz_job_details
    ADD CONSTRAINT qrtz_job_details_pkey PRIMARY KEY (sched_name, job_name, job_group);


--
-- Name: qrtz_locks qrtz_locks_pkey; Type: CONSTRAINT; Schema: public; Owner: postgres
--

ALTER TABLE ONLY public.qrtz_locks
    ADD CONSTRAINT qrtz_locks_pkey PRIMARY KEY (sched_name, lock_name);


--
-- Name: qrtz_paused_trigger_grps qrtz_paused_trigger_grps_pkey; Type: CONSTRAINT; Schema: public; Owner: postgres
--

ALTER TABLE ONLY public.qrtz_paused_trigger_grps
    ADD CONSTRAINT qrtz_paused_trigger_grps_pkey PRIMARY KEY (sched_name, trigger_group);


--
-- Name: qrtz_scheduler_state qrtz_scheduler_state_pkey; Type: CONSTRAINT; Schema: public; Owner: postgres
--

ALTER TABLE ONLY public.qrtz_scheduler_state
    ADD CONSTRAINT qrtz_scheduler_state_pkey PRIMARY KEY (sched_name, instance_name);


--
-- Name: qrtz_simple_triggers qrtz_simple_triggers_pkey; Type: CONSTRAINT; Schema: public; Owner: postgres
--

ALTER TABLE ONLY public.qrtz_simple_triggers
    ADD CONSTRAINT qrtz_simple_triggers_pkey PRIMARY KEY (sched_name, trigger_name, trigger_group);


--
-- Name: qrtz_simprop_triggers qrtz_simprop_triggers_pkey; Type: CONSTRAINT; Schema: public; Owner: postgres
--

ALTER TABLE ONLY public.qrtz_simprop_triggers
    ADD CONSTRAINT qrtz_simprop_triggers_pkey PRIMARY KEY (sched_name, trigger_name, trigger_group);


--
-- Name: qrtz_triggers qrtz_triggers_pkey; Type: CONSTRAINT; Schema: public; Owner: postgres
--

ALTER TABLE ONLY public.qrtz_triggers
    ADD CONSTRAINT qrtz_triggers_pkey PRIMARY KEY (sched_name, trigger_name, trigger_group);


--
-- Name: sys_config sys_config_pkey; Type: CONSTRAINT; Schema: public; Owner: postgres
--

ALTER TABLE ONLY public.sys_config
    ADD CONSTRAINT sys_config_pkey PRIMARY KEY (config_id);


--
-- Name: sys_dept sys_dept_pkey; Type: CONSTRAINT; Schema: public; Owner: postgres
--

ALTER TABLE ONLY public.sys_dept
    ADD CONSTRAINT sys_dept_pkey PRIMARY KEY (dept_id);


--
-- Name: sys_dict_data sys_dict_data_pkey; Type: CONSTRAINT; Schema: public; Owner: postgres
--

ALTER TABLE ONLY public.sys_dict_data
    ADD CONSTRAINT sys_dict_data_pkey PRIMARY KEY (dict_code);


--
-- Name: sys_dict_type sys_dict_type_pkey; Type: CONSTRAINT; Schema: public; Owner: postgres
--

ALTER TABLE ONLY public.sys_dict_type
    ADD CONSTRAINT sys_dict_type_pkey PRIMARY KEY (dict_id);


--
-- Name: sys_job_log sys_job_log_pkey; Type: CONSTRAINT; Schema: public; Owner: postgres
--

ALTER TABLE ONLY public.sys_job_log
    ADD CONSTRAINT sys_job_log_pkey PRIMARY KEY (job_log_id);


--
-- Name: sys_job sys_job_pkey; Type: CONSTRAINT; Schema: public; Owner: postgres
--

ALTER TABLE ONLY public.sys_job
    ADD CONSTRAINT sys_job_pkey PRIMARY KEY (job_id, job_name, job_group);


--
-- Name: sys_logininfor sys_logininfor_pkey; Type: CONSTRAINT; Schema: public; Owner: postgres
--

ALTER TABLE ONLY public.sys_logininfor
    ADD CONSTRAINT sys_logininfor_pkey PRIMARY KEY (info_id);


--
-- Name: sys_menu sys_menu_pkey; Type: CONSTRAINT; Schema: public; Owner: postgres
--

ALTER TABLE ONLY public.sys_menu
    ADD CONSTRAINT sys_menu_pkey PRIMARY KEY (menu_id);


--
-- Name: sys_notice sys_notice_pkey; Type: CONSTRAINT; Schema: public; Owner: postgres
--

ALTER TABLE ONLY public.sys_notice
    ADD CONSTRAINT sys_notice_pkey PRIMARY KEY (notice_id);


--
-- Name: sys_oper_log sys_oper_log_pkey; Type: CONSTRAINT; Schema: public; Owner: postgres
--

ALTER TABLE ONLY public.sys_oper_log
    ADD CONSTRAINT sys_oper_log_pkey PRIMARY KEY (oper_id);


--
-- Name: sys_post sys_post_pkey; Type: CONSTRAINT; Schema: public; Owner: postgres
--

ALTER TABLE ONLY public.sys_post
    ADD CONSTRAINT sys_post_pkey PRIMARY KEY (post_id);


--
-- Name: sys_role_dept sys_role_dept_pkey; Type: CONSTRAINT; Schema: public; Owner: postgres
--

ALTER TABLE ONLY public.sys_role_dept
    ADD CONSTRAINT sys_role_dept_pkey PRIMARY KEY (role_id, dept_id);


--
-- Name: sys_role_menu sys_role_menu_pkey; Type: CONSTRAINT; Schema: public; Owner: postgres
--

ALTER TABLE ONLY public.sys_role_menu
    ADD CONSTRAINT sys_role_menu_pkey PRIMARY KEY (role_id, menu_id);


--
-- Name: sys_role sys_role_pkey; Type: CONSTRAINT; Schema: public; Owner: postgres
--

ALTER TABLE ONLY public.sys_role
    ADD CONSTRAINT sys_role_pkey PRIMARY KEY (role_id);


--
-- Name: sys_user sys_user_pkey; Type: CONSTRAINT; Schema: public; Owner: postgres
--

ALTER TABLE ONLY public.sys_user
    ADD CONSTRAINT sys_user_pkey PRIMARY KEY (user_id);


--
-- Name: sys_user_post sys_user_post_pkey; Type: CONSTRAINT; Schema: public; Owner: postgres
--

ALTER TABLE ONLY public.sys_user_post
    ADD CONSTRAINT sys_user_post_pkey PRIMARY KEY (user_id, post_id);


--
-- Name: sys_user_role sys_user_role_pkey; Type: CONSTRAINT; Schema: public; Owner: postgres
--

ALTER TABLE ONLY public.sys_user_role
    ADD CONSTRAINT sys_user_role_pkey PRIMARY KEY (user_id, role_id);


--
-- Name: dict_type; Type: INDEX; Schema: public; Owner: postgres
--

CREATE INDEX dict_type ON public.sys_dict_type USING btree (dict_type);


--
-- Name: idx_sys_logininfor_lt; Type: INDEX; Schema: public; Owner: postgres
--

CREATE INDEX idx_sys_logininfor_lt ON public.sys_logininfor USING btree (login_time);


--
-- Name: idx_sys_logininfor_s; Type: INDEX; Schema: public; Owner: postgres
--

CREATE INDEX idx_sys_logininfor_s ON public.sys_logininfor USING btree (status);


--
-- Name: idx_sys_oper_log_bt; Type: INDEX; Schema: public; Owner: postgres
--

CREATE INDEX idx_sys_oper_log_bt ON public.sys_oper_log USING btree (business_type);


--
-- Name: idx_sys_oper_log_ot; Type: INDEX; Schema: public; Owner: postgres
--

CREATE INDEX idx_sys_oper_log_ot ON public.sys_oper_log USING btree (oper_time);


--
-- Name: idx_sys_oper_log_s; Type: INDEX; Schema: public; Owner: postgres
--

CREATE INDEX idx_sys_oper_log_s ON public.sys_oper_log USING btree (status);


--
-- Name: sched_name; Type: INDEX; Schema: public; Owner: postgres
--

CREATE INDEX sched_name ON public.qrtz_triggers USING btree (sched_name, job_name, job_group);


--
-- Name: qrtz_blob_triggers qrtz_blob_triggers_ibfk_1; Type: FK CONSTRAINT; Schema: public; Owner: postgres
--

ALTER TABLE ONLY public.qrtz_blob_triggers
    ADD CONSTRAINT qrtz_blob_triggers_ibfk_1 FOREIGN KEY (sched_name, trigger_name, trigger_group) REFERENCES public.qrtz_triggers(sched_name, trigger_name, trigger_group);


--
-- Name: qrtz_cron_triggers qrtz_cron_triggers_ibfk_1; Type: FK CONSTRAINT; Schema: public; Owner: postgres
--

ALTER TABLE ONLY public.qrtz_cron_triggers
    ADD CONSTRAINT qrtz_cron_triggers_ibfk_1 FOREIGN KEY (sched_name, trigger_name, trigger_group) REFERENCES public.qrtz_triggers(sched_name, trigger_name, trigger_group);


--
-- Name: qrtz_simple_triggers qrtz_simple_triggers_ibfk_1; Type: FK CONSTRAINT; Schema: public; Owner: postgres
--

ALTER TABLE ONLY public.qrtz_simple_triggers
    ADD CONSTRAINT qrtz_simple_triggers_ibfk_1 FOREIGN KEY (sched_name, trigger_name, trigger_group) REFERENCES public.qrtz_triggers(sched_name, trigger_name, trigger_group);


--
-- Name: qrtz_simprop_triggers qrtz_simprop_triggers_ibfk_1; Type: FK CONSTRAINT; Schema: public; Owner: postgres
--

ALTER TABLE ONLY public.qrtz_simprop_triggers
    ADD CONSTRAINT qrtz_simprop_triggers_ibfk_1 FOREIGN KEY (sched_name, trigger_name, trigger_group) REFERENCES public.qrtz_triggers(sched_name, trigger_name, trigger_group);


--
-- Name: qrtz_triggers qrtz_triggers_ibfk_1; Type: FK CONSTRAINT; Schema: public; Owner: postgres
--

ALTER TABLE ONLY public.qrtz_triggers
    ADD CONSTRAINT qrtz_triggers_ibfk_1 FOREIGN KEY (sched_name, job_name, job_group) REFERENCES public.qrtz_job_details(sched_name, job_name, job_group);


--
-- PostgreSQL database dump complete
--

